Region,Province,Commune
Tanger-Tetouan-Al Hoceima,AL HOCEIMA,LOUTA
Tanger-Tetouan-Al Hoceima,AL HOCEIMA,KETAMA
Tanger-Tetouan-Al Hoceima,AL HOCEIMA,IZEMMOUREN
Tanger-Tetouan-Al Hoceima,AL HOCEIMA,IMZOUREN
Tanger-Tetouan-Al Hoceima,AL HOCEIMA,IMRABTEN
Tanger-Tetouan-Al Hoceima,AL HOCEIMA,CHAKRANE
Tanger-Tetouan-Al Hoceima,AL HOCEIMA,BNI GMIL MAKSOULINE
Tanger-Tetouan-Al Hoceima,AL HOCEIMA,BNI GMIL
Tanger-Tetouan-Al Hoceima,AL HOCEIMA,BNI BOUNSAR
Tanger-Tetouan-Al Hoceima,AL HOCEIMA,BNI BOUFRAH
Tanger-Tetouan-Al Hoceima,AL HOCEIMA,BNI BOUCHIBET
Tanger-Tetouan-Al Hoceima,AL HOCEIMA,BNI BOUAYACH
Tanger-Tetouan-Al Hoceima,AL HOCEIMA,BNI BCHIR
Tanger-Tetouan-Al Hoceima,AL HOCEIMA,BNI AMMART
Tanger-Tetouan-Al Hoceima,AL HOCEIMA,BNI AHMED IMOUKZAN
Tanger-Tetouan-Al Hoceima,AL HOCEIMA,ABDELGHAYA SOUAHEL
Tanger-Tetouan-Al Hoceima,AL HOCEIMA,ZARKT
Tanger-Tetouan-Al Hoceima,AL HOCEIMA,ZAOUIAT SIDI ABDELKADER
Tanger-Tetouan-Al Hoceima,AL HOCEIMA,SIDI BOUZINEB
Tanger-Tetouan-Al Hoceima,AL HOCEIMA,BNI HADIFA
Tanger-Tetouan-Al Hoceima,AL HOCEIMA,ISSAGUEN
Tanger-Tetouan-Al Hoceima,AL HOCEIMA,NEKKOUR
Tanger-Tetouan-Al Hoceima,AL HOCEIMA,MOULAY AHMED CHERIF
Tanger-Tetouan-Al Hoceima,AL HOCEIMA,SIDI BOUTMIM
Tanger-Tetouan-Al Hoceima,AL HOCEIMA,SENADA
Tanger-Tetouan-Al Hoceima,AL HOCEIMA,ROUADI
Tanger-Tetouan-Al Hoceima,AL HOCEIMA,BNI ABDELLAH
Tanger-Tetouan-Al Hoceima,AL HOCEIMA,ARBAA TAOURIRT
Tanger-Tetouan-Al Hoceima,AL HOCEIMA,TAGHZOUT
Tanger-Tetouan-Al Hoceima,AL HOCEIMA,TARGUIST
Tanger-Tetouan-Al Hoceima,AL HOCEIMA,TAMSAOUT
Tanger-Tetouan-Al Hoceima,AL HOCEIMA,AIT YOUSSEF OU ALI
Tanger-Tetouan-Al Hoceima,AL HOCEIMA,AIT KAMRA
Tanger-Tetouan-Al Hoceima,AL HOCEIMA,TIFAROUINE
Tanger-Tetouan-Al Hoceima,AL HOCEIMA,AL HOCEIMA
Tanger-Tetouan-Al Hoceima,AL HOCEIMA,AJDIR
Tanger-Tetouan-Al Hoceima,TANGER-ASSILAH,DAR CHAOUI
Tanger-Tetouan-Al Hoceima,TANGER-ASSILAH,TANGER
Tanger-Tetouan-Al Hoceima,TANGER-ASSILAH,SIDI LYAMANI
Tanger-Tetouan-Al Hoceima,TANGER-ASSILAH,SEBT AZZINATE
Tanger-Tetouan-Al Hoceima,TANGER-ASSILAH,SAHEL CHAMALI
Tanger-Tetouan-Al Hoceima,TANGER-ASSILAH,LAAOUAMA
Tanger-Tetouan-Al Hoceima,TANGER-ASSILAH,HJAR ENNHAL
Tanger-Tetouan-Al Hoceima,TANGER-ASSILAH,HAD AL GHARBIA
Tanger-Tetouan-Al Hoceima,TANGER-ASSILAH,GUEZNAIA
Tanger-Tetouan-Al Hoceima,TANGER-ASSILAH,ASSILAH
Tanger-Tetouan-Al Hoceima,TANGER-ASSILAH,AQUOUASS BRIECH
Tanger-Tetouan-Al Hoceima,TANGER-ASSILAH,AL MANZLA
Tanger-Tetouan-Al Hoceima,TETOUAN,AIN LAHSAN
Tanger-Tetouan-Al Hoceima,TETOUAN,DAR BNI KARRICH
Tanger-Tetouan-Al Hoceima,TETOUAN,ZINAT
Tanger-Tetouan-Al Hoceima,TETOUAN,ZAOUIAT SIDI KACEM
Tanger-Tetouan-Al Hoceima,TETOUAN,ZAITOUNE
Tanger-Tetouan-Al Hoceima,TETOUAN,SAHTRYINE
Tanger-Tetouan-Al Hoceima,TETOUAN,SADDINA
Tanger-Tetouan-Al Hoceima,TETOUAN,MALLALIENNE
Tanger-Tetouan-Al Hoceima,TETOUAN,BNI SAID
Tanger-Tetouan-Al Hoceima,TETOUAN,BNI LEIT
Tanger-Tetouan-Al Hoceima,TETOUAN,BNI IDDER
Tanger-Tetouan-Al Hoceima,TETOUAN,BNI HARCHEN
Tanger-Tetouan-Al Hoceima,TETOUAN,BGHAGHZA
Tanger-Tetouan-Al Hoceima,TETOUAN,AZLA
Tanger-Tetouan-Al Hoceima,TETOUAN,AL OUED
Tanger-Tetouan-Al Hoceima,TETOUAN,AL KHARROUB
Tanger-Tetouan-Al Hoceima,TETOUAN,AL HAMRA
Tanger-Tetouan-Al Hoceima,TETOUAN,OULAD ALI MANSOUR
Tanger-Tetouan-Al Hoceima,TETOUAN,OUED LAOU
Tanger-Tetouan-Al Hoceima,TETOUAN,JBEL LAHBIB
Tanger-Tetouan-Al Hoceima,TETOUAN,SOUK KDIM
Tanger-Tetouan-Al Hoceima,TETOUAN,TETOUAN
Tanger-Tetouan-Al Hoceima,LARACHE,LAOUAMRA
Tanger-Tetouan-Al Hoceima,LARACHE,ZOUADA
Tanger-Tetouan-Al Hoceima,LARACHE,ZAAROURA
Tanger-Tetouan-Al Hoceima,LARACHE,SAHEL
Tanger-Tetouan-Al Hoceima,LARACHE,RISSANA JANOUBIA
Tanger-Tetouan-Al Hoceima,LARACHE,RISSANA CHAMALIA
Tanger-Tetouan-Al Hoceima,LARACHE,TAZROUTE
Tanger-Tetouan-Al Hoceima,LARACHE,SOUK TOLBA
Tanger-Tetouan-Al Hoceima,LARACHE,KSAR EL KEBIR
Tanger-Tetouan-Al Hoceima,LARACHE,KSAR BJIR
Tanger-Tetouan-Al Hoceima,LARACHE,BOU JEDYANE
Tanger-Tetouan-Al Hoceima,LARACHE,BNI GARFETT
Tanger-Tetouan-Al Hoceima,LARACHE,BNI AROUSS
Tanger-Tetouan-Al Hoceima,LARACHE,AYACHA
Tanger-Tetouan-Al Hoceima,LARACHE,OULAD OUCHIH
Tanger-Tetouan-Al Hoceima,LARACHE,SOUK L'QOLLA
Tanger-Tetouan-Al Hoceima,LARACHE,SOUAKEN
Tanger-Tetouan-Al Hoceima,LARACHE,TATOFT
Tanger-Tetouan-Al Hoceima,LARACHE,LARACHE
Tanger-Tetouan-Al Hoceima,CHEFCHAOUE,BNI SMIH
Tanger-Tetouan-Al Hoceima,CHEFCHAOUE,BNI SELMANE
Tanger-Tetouan-Al Hoceima,CHEFCHAOUE,BNI SALAH
Tanger-Tetouan-Al Hoceima,CHEFCHAOUE,BNI RZINE
Tanger-Tetouan-Al Hoceima,CHEFCHAOUE,BNI MANSOUR
Tanger-Tetouan-Al Hoceima,CHEFCHAOUE,BNI FAGHLOUM
Tanger-Tetouan-Al Hoceima,CHEFCHAOUE,BNI DARKOUL
Tanger-Tetouan-Al Hoceima,CHEFCHAOUE,BNI BOUZRA
Tanger-Tetouan-Al Hoceima,CHEFCHAOUE,BNI AHMED GHARBIA
Tanger-Tetouan-Al Hoceima,CHEFCHAOUE,BNI AHMED CHERQIA
Tanger-Tetouan-Al Hoceima,CHEFCHAOUE,STEHA
Tanger-Tetouan-Al Hoceima,CHEFCHAOUE,AMTAR
Tanger-Tetouan-Al Hoceima,CHEFCHAOUE,BAB BERRED
Tanger-Tetouan-Al Hoceima,CHEFCHAOUE,BAB TAZA
Tanger-Tetouan-Al Hoceima,CHEFCHAOUE,OUED MALHA
Tanger-Tetouan-Al Hoceima,CHEFCHAOUE,OUAOUZGANE
Tanger-Tetouan-Al Hoceima,CHEFCHAOUE,MANSOURA
Tanger-Tetouan-Al Hoceima,CHEFCHAOUE,M'TIOUA
Tanger-Tetouan-Al Hoceima,CHEFCHAOUE,LAGHDIR
Tanger-Tetouan-Al Hoceima,CHEFCHAOUE,FIFI
Tanger-Tetouan-Al Hoceima,CHEFCHAOUE,DERDARA
Tanger-Tetouan-Al Hoceima,CHEFCHAOUE,TANAQOUB
Tanger-Tetouan-Al Hoceima,CHEFCHAOUE,TAMOROT
Tanger-Tetouan-Al Hoceima,CHEFCHAOUE,TALAMBOTE
Tanger-Tetouan-Al Hoceima,CHEFCHAOUE,IOUNANE
Tanger-Tetouan-Al Hoceima,CHEFCHAOUE,TIZGANE
Tanger-Tetouan-Al Hoceima,CHEFCHAOUE,TASSIFT
Tanger-Tetouan-Al Hoceima,CHEFCHAOUE,CHEFCHAOUEN
Tanger-Tetouan-Al Hoceima,FAHS-ANJARA,ANJRA
Tanger-Tetouan-Al Hoceima,FAHS-ANJARA,TAGHRAMT
Tanger-Tetouan-Al Hoceima,FAHS-ANJARA,MALLOUSSA
Tanger-Tetouan-Al Hoceima,FAHS-ANJARA,KSAR SGHIR
Tanger-Tetouan-Al Hoceima,FAHS-ANJARA,KSAR EL MAJAZ
Tanger-Tetouan-Al Hoceima,FAHS-ANJARA,JOUAMAA
Tanger-Tetouan-Al Hoceima,FAHS-ANJARA,AL BAHRAOYINE
Tanger-Tetouan-Al Hoceima,M'DIQ - FNIDQ,BELYOUNECH
Tanger-Tetouan-Al Hoceima,M'DIQ - FNIDQ,ALLYENE
Tanger-Tetouan-Al Hoceima,M'DIQ - FNIDQ,MARTIL
Tanger-Tetouan-Al Hoceima,M'DIQ - FNIDQ,M'DIQ
Tanger-Tetouan-Al Hoceima,M'DIQ - FNIDQ,FNIDEQ
Tanger-Tetouan-Al Hoceima,OUEZZANE,SIDI AHMED CHERIF
Tanger-Tetouan-Al Hoceima,OUEZZANE,MZEFROUNE
Tanger-Tetouan-Al Hoceima,OUEZZANE,MASMOUDA
Tanger-Tetouan-Al Hoceima,OUEZZANE,LAMJAARA
Tanger-Tetouan-Al Hoceima,OUEZZANE,BNI QUOLLA
Tanger-Tetouan-Al Hoceima,OUEZZANE,ASJEN
Tanger-Tetouan-Al Hoceima,OUEZZANE,AIN BEIDA
Tanger-Tetouan-Al Hoceima,OUEZZANE,SIDI BOUSBER
Tanger-Tetouan-Al Hoceima,OUEZZANE,ZOUMI
Tanger-Tetouan-Al Hoceima,OUEZZANE,BRIKCHA
Tanger-Tetouan-Al Hoceima,OUEZZANE,OUNNANA
Tanger-Tetouan-Al Hoceima,OUEZZANE,MOQRISSAT
Tanger-Tetouan-Al Hoceima,OUEZZANE,ZGHIRA
Tanger-Tetouan-Al Hoceima,OUEZZANE,OUEZZANE
Tanger-Tetouan-Al Hoceima,OUEZZANE,KALAAT BOUQORRA
Tanger-Tetouan-Al Hoceima,OUEZZANE,SIDI REDOUANE
Tanger-Tetouan-Al Hoceima,OUEZZANE,TEROUAL
L'oriental,OUJDA-ANGAD,MESTFERKI
L'oriental,OUJDA-ANGAD,ISLY
L'oriental,OUJDA-ANGAD,BSARA
L'oriental,OUJDA-ANGAD,BNI KHALED
L'oriental,OUJDA-ANGAD,BNI DRAR
L'oriental,OUJDA-ANGAD,AHL ANGAD
L'oriental,OUJDA-ANGAD,AIN SFA
L'oriental,OUJDA-ANGAD,SIDI MOUSSA LEMHAYA
L'oriental,OUJDA-ANGAD,SIDI BOULENOUAR
L'oriental,OUJDA-ANGAD,OUJDA
L'oriental,OUJDA-ANGAD,NAIMA
L'oriental,JERADA,TOUISSIT
L'oriental,JERADA,RAS ASFOUR
L'oriental,JERADA,MRIJA
L'oriental,JERADA,LEBKHATA
L'oriental,JERADA,LAAOUINATE
L'oriental,JERADA,GUENFOUDA
L'oriental,JERADA,GAFAIT
L'oriental,JERADA,BNI MATHAR
L'oriental,JERADA,AIN BNI MATHAR
L'oriental,JERADA,OULED GHZIYEL
L'oriental,JERADA,SIDI-BOUBKER
L'oriental,JERADA,OULED SIDI ABDELHAKEM
L'oriental,JERADA,TIOULI
L'oriental,JERADA,JERADA
L'oriental,BERKANE,SAIDIA
L'oriental,BERKANE,RISLANE
L'oriental,BERKANE,FEZOUANE
L'oriental,BERKANE,CHOUIHIA
L'oriental,BERKANE,AKLIM
L'oriental,BERKANE,AIN ERREGGADA
L'oriental,BERKANE,AHFIR
L'oriental,BERKANE,AGHBAL
L'oriental,BERKANE,LAATAMNA
L'oriental,BERKANE,MADAGH
L'oriental,BERKANE,ZEGZEL
L'oriental,BERKANE,SIDI BOUHRIA
L'oriental,BERKANE,TAFOUGHALT
L'oriental,BERKANE,BOUGHRIBA
L'oriental,BERKANE,SIDI SLIMANE ECHCHARAA
L'oriental,BERKANE,BERKANE
L'oriental,TAOURIRT,AHL OUED ZA
L'oriental,TAOURIRT,SIDI ALI BEL QUASSEM
L'oriental,TAOURIRT,OULED M'HAMED
L'oriental,TAOURIRT,SIDI LAHSEN
L'oriental,TAOURIRT,MESTEGMER
L'oriental,TAOURIRT,MELG EL OUIDANE
L'oriental,TAOURIRT,MECHRAA HAMMADI
L'oriental,TAOURIRT,GTETER
L'oriental,TAOURIRT,EL ATEF
L'oriental,TAOURIRT,EL AIOUN SIDI MELLOUK
L'oriental,TAOURIRT,DEBDOU
L'oriental,TAOURIRT,AIN LEHJER
L'oriental,TAOURIRT,TANCHERFI
L'oriental,TAOURIRT,TAOURIRT
L'oriental,FIGUIG,ABBOU LAKHAL
L'oriental,FIGUIG,BNI TADJITE
L'oriental,FIGUIG,TENDRARA
L'oriental,FIGUIG,BOUANANE
L'oriental,FIGUIG,TALSINT
L'oriental,FIGUIG,MAATARKA
L'oriental,FIGUIG,BOUMERIEME
L'oriental,FIGUIG,BOUCHAOUENE
L'oriental,FIGUIG,BOUARFA
L'oriental,FIGUIG,BNI GUIL
L'oriental,FIGUIG,AIN CHOUATER
L'oriental,FIGUIG,AIN CHAIR
L'oriental,FIGUIG,FIGUIG
L'oriental,NADOR,ZAIO
L'oriental,NADOR,IKSANE
L'oriental,NADOR,IAAZZANENE
L'oriental,NADOR,BNI OUKIL OULAD M'HAND
L'oriental,NADOR,RAS-EL-MA
L'oriental,NADOR,BNI CHIKER
L'oriental,NADOR,AREKMANE
L'oriental,NADOR,IHADDADENE
L'oriental,NADOR,TIZTOUTINE
L'oriental,NADOR,ZEGHANGHANE
L'oriental,NADOR,HASSI BERKANE
L'oriental,NADOR,BOUARG
L'oriental,NADOR,BNI SIDEL LOUTA
L'oriental,NADOR,BNI SIDEL JBEL
L'oriental,NADOR,BNI BOUIFROUR
L'oriental,NADOR,BNI ANSAR
L'oriental,NADOR,AL BARKANYENE
L'oriental,NADOR,AL AAROUI
L'oriental,NADOR,AFSOU
L'oriental,NADOR,SELOUANE
L'oriental,NADOR,OULAD SETTOUT
L'oriental,NADOR,OULAD DAOUD ZKHANINE
L'oriental,NADOR,NADOR
L'oriental,GUERCIF,SAKA
L'oriental,GUERCIF,RAS LAKSAR
L'oriental,GUERCIF,OULAD BOURIMA
L'oriental,GUERCIF,MAZGUITAM
L'oriental,GUERCIF,LAMRIJA
L'oriental,GUERCIF,HOUARA OULAD RAHO
L'oriental,GUERCIF,GUERCIF
L'oriental,GUERCIF,BARKINE
L'oriental,GUERCIF,ASSEBBAB
L'oriental,GUERCIF,TADDART
L'oriental,DRIOUCH,OULAD BOUBKER
L'oriental,DRIOUCH,OULAD AMGHAR
L'oriental,DRIOUCH,MTALSSA
L'oriental,DRIOUCH,MIDAR
L'oriental,DRIOUCH,M'HAJER
L'oriental,DRIOUCH,IJERMAOUAS
L'oriental,DRIOUCH,IFERNI
L'oriental,DRIOUCH,DRIOUCH
L'oriental,DRIOUCH,BOUDINAR
L'oriental,DRIOUCH,DAR-EL-KEBDANI
L'oriental,DRIOUCH,AIT-MAIT
L'oriental,DRIOUCH,TAFERSIT
L'oriental,DRIOUCH,BNI MARGHNINE
L'oriental,DRIOUCH,BEN TAIEB
L'oriental,DRIOUCH,AZLAF
L'oriental,DRIOUCH,AMEJJAOU
L'oriental,DRIOUCH,AIN ZOHRA
L'oriental,DRIOUCH,TSAFT
L'oriental,DRIOUCH,TROUGOUT
L'oriental,DRIOUCH,TEMSAMANE
L'oriental,DRIOUCH,TALILIT
L'oriental,DRIOUCH,OUARDANA
L'oriental,DRIOUCH,TAZAGHINE
Fès-Meknès,TAZA,JBARNA
Fès-Meknès,TAZA,GHIATA AL GHARBIA
Fès-Meknès,TAZA,GALDAMANE
Fès-Meknès,TAZA,EL GOUZATE
Fès-Meknès,TAZA,BRARHA
Fès-Meknès,TAZA,BOUYABLANE
Fès-Meknès,TAZA,BOURD
Fès-Meknès,TAZA,BOUHLOU
Fès-Meknès,TAZA,BOUCHFAA
Fès-Meknès,TAZA,BNI LENT
Fès-Meknès,TAZA,BNI FTAH
Fès-Meknès,TAZA,BNI FRASSEN
Fès-Meknès,TAZA,BAB MARZOUKA
Fès-Meknès,TAZA,BAB BOUDIR
Fès-Meknès,TAZA,AKNOUL
Fès-Meknès,TAZA,TRAIBA
Fès-Meknès,TAZA,GZENAYA AL JANOUBIA
Fès-Meknès,TAZA,KAF AL GHAR
Fès-Meknès,TAZA,OUAD AMLIL
Fès-Meknès,TAZA,TIZI OUASLI
Fès-Meknès,TAZA,OULAD ZBAIR
Fès-Meknès,TAZA,MAKNASSA AL GHARBIA
Fès-Meknès,TAZA,MAKNASSA ACHARQIA
Fès-Meknès,TAZA,AJDIR
Fès-Meknès,TAZA,ZRARDA
Fès-Meknès,TAZA,TAINASTE
Fès-Meknès,TAZA,MATMATA
Fès-Meknès,TAZA,MSILA
Fès-Meknès,TAZA,MAGHRAOUA
Fès-Meknès,TAZA,SIDI ALI BOURAKBA
Fès-Meknès,TAZA,RBAA EL FOUKI
Fès-Meknès,TAZA,OULAD CHRIF
Fès-Meknès,TAZA,TAIFA
Fès-Meknès,TAZA,TAHLA
Fès-Meknès,TAZA,AIT SAGHROUCHEN
Fès-Meknès,TAZA,SMIA
Fès-Meknès,TAZA,TAZA
Fès-Meknès,TAZA,TAZARINE
Fès-Meknès,TAOUNATE,BOUADEL
Fès-Meknès,TAOUNATE,BNI SNOUS
Fès-Meknès,TAOUNATE,BNI OUNJEL TAFRAOUT
Fès-Meknès,TAOUNATE,BNI OULID
Fès-Meknès,TAOUNATE,AIN MEDIOUNA
Fès-Meknès,TAOUNATE,AIN MAATOUF
Fès-Meknès,TAOUNATE,AIN LEGDAH
Fès-Meknès,TAOUNATE,SIDI YAHIA BNI ZEROUAL
Fès-Meknès,TAOUNATE,RHAFSAI
Fès-Meknès,TAOUNATE,OURTZARH
Fès-Meknès,TAOUNATE,MOULAY BOUCHTA
Fès-Meknès,TAOUNATE,MOULAY ABDELKRIM
Fès-Meknès,TAOUNATE,SIDI EL ABED
Fès-Meknès,TAOUNATE,ZRIZER
Fès-Meknès,TAOUNATE,SIDI MOKHFI
Fès-Meknès,TAOUNATE,SIDI M'HAMED BEN LAHCEN
Fès-Meknès,TAOUNATE,SIDI HAJ M'HAMED
Fès-Meknès,TAOUNATE,RHOUAZI
Fès-Meknès,TAOUNATE,RGHIOUA
Fès-Meknès,TAOUNATE,RATBA
Fès-Meknès,TAOUNATE,RAS EL OUED
Fès-Meknès,TAOUNATE,OUTABOUABANE
Fès-Meknès,TAOUNATE,OULAD DAOUD
Fès-Meknès,TAOUNATE,OULAD AYYAD
Fès-Meknès,TAOUNATE,OUED JEMAA
Fès-Meknès,TAOUNATE,OUDKA
Fès-Meknès,TAOUNATE,MKANSA
Fès-Meknès,TAOUNATE,MEZRAOUA
Fès-Meknès,TAOUNATE,MESSASSA
Fès-Meknès,TAOUNATE,LOULJA
Fès-Meknès,TAOUNATE,KISSANE
Fès-Meknès,TAOUNATE,KHLALFA
Fès-Meknès,TAOUNATE,KARIA BA MOHAMED
Fès-Meknès,TAOUNATE,JBABRA
Fès-Meknès,TAOUNATE,GALAZ
Fès-Meknès,TAOUNATE,FENNASSA BAB EL HIT
Fès-Meknès,TAOUNATE,EL BSABSA
Fès-Meknès,TAOUNATE,EL BIBANE
Fès-Meknès,TAOUNATE,BOUHOUDA
Fès-Meknès,TAOUNATE,AIN AICHA
Fès-Meknès,TAOUNATE,TAFRANT
Fès-Meknès,TAOUNATE,TABOUDA
Fès-Meknès,TAOUNATE,TAMEDIT
Fès-Meknès,TAOUNATE,BOUCHABEL
Fès-Meknès,TAOUNATE,BOUAROUSS
Fès-Meknès,TAOUNATE,TISSA
Fès-Meknès,TAOUNATE,TIMEZGANA
Fès-Meknès,TAOUNATE,THAR ES-SOUK
Fès-Meknès,TAOUNATE,TAOUNATE
Fès-Meknès,SEFROU,SIDI YOUSSEF BEN AHMED
Fès-Meknès,SEFROU,BIR TAM-TAM
Fès-Meknès,SEFROU,IRHZRANE
Fès-Meknès,SEFROU,MTARNAGHA
Fès-Meknès,SEFROU,AIN CHEGGAG
Fès-Meknès,SEFROU,RIBATE EL KHEIR
Fès-Meknès,SEFROU,RAS TABOUDA
Fès-Meknès,SEFROU,OULAD MKOUDOU
Fès-Meknès,SEFROU,LAANOUSSAR
Fès-Meknès,SEFROU,KANDAR SIDI KHIAR
Fès-Meknès,SEFROU,EL MENZEL
Fès-Meknès,SEFROU,DAR EL HAMRA
Fès-Meknès,SEFROU,BHALIL
Fès-Meknès,SEFROU,AZZABA
Fès-Meknès,SEFROU,AIT SEBAA LAJROUF
Fès-Meknès,SEFROU,AIN TIMGUENAI
Fès-Meknès,SEFROU,AHL SIDI LAHCEN
Fès-Meknès,SEFROU,AGHBALOU AQORAR
Fès-Meknès,SEFROU,ADREJ
Fès-Meknès,SEFROU,TAZOUTA
Fès-Meknès,SEFROU,TAFAJIGHT
Fès-Meknès,SEFROU,IMOUZZER KANDAR
Fès-Meknès,SEFROU,SEFROU
Fès-Meknès,BOULEMANE,SKOURA M'DAZ
Fès-Meknès,BOULEMANE,GUIGOU
Fès-Meknès,BOULEMANE,SIDI BOUTAYEB
Fès-Meknès,BOULEMANE,SERGHINA
Fès-Meknès,BOULEMANE,OUTAT EL HAJ
Fès-Meknès,BOULEMANE,OULAD ALI YOUSSEF
Fès-Meknès,BOULEMANE,OUIZEGHT
Fès-Meknès,BOULEMANE,MISSOUR
Fès-Meknès,BOULEMANE,KSABI MOULOUYA
Fès-Meknès,BOULEMANE,FRITISSA
Fès-Meknès,BOULEMANE,ERMILA
Fès-Meknès,BOULEMANE,ENJIL
Fès-Meknès,BOULEMANE,EL ORJANE
Fès-Meknès,BOULEMANE,EL MERS
Fès-Meknès,BOULEMANE,ALMIS MARMOUCHA
Fès-Meknès,BOULEMANE,AIT EL MANE
Fès-Meknès,BOULEMANE,TALZEMT
Fès-Meknès,BOULEMANE,IMOUZZER MARMOUCHA
Fès-Meknès,BOULEMANE,AIT BAZZA
Fès-Meknès,BOULEMANE,TISSAF
Fès-Meknès,BOULEMANE,BOULEMANE
Fès-Meknès,EL HAJEB,SABAA AIYOUN
Fès-Meknès,EL HAJEB,RAS IJERRI
Fès-Meknès,EL HAJEB,LAQSIR
Fès-Meknès,EL HAJEB,IQADDAR
Fès-Meknès,EL HAJEB,BITIT
Fès-Meknès,EL HAJEB,AIT YAAZEM
Fès-Meknès,EL HAJEB,AIT OUIKHALFEN
Fès-Meknès,EL HAJEB,AIT NAAMANE
Fès-Meknès,EL HAJEB,AIT HARZ ALLAH
Fès-Meknès,EL HAJEB,AGOURAI
Fès-Meknès,EL HAJEB,AIN TAOUJDATE
Fès-Meknès,EL HAJEB,JAHJOUH
Fès-Meknès,EL HAJEB,TAMCHACHATE
Fès-Meknès,EL HAJEB,AIT BOURZOUINE
Fès-Meknès,EL HAJEB,AIT BOUBIDMANE
Fès-Meknès,EL HAJEB,EL-HAJEB
Fès-Meknès,IFRANE,DAYAT AOUA
Fès-Meknès,IFRANE,BEN SMIM
Fès-Meknès,IFRANE,AZROU
Fès-Meknès,IFRANE,TIMAHDITE
Fès-Meknès,IFRANE,AIN-LEUH
Fès-Meknès,IFRANE,SIDI EL MAKHFI
Fès-Meknès,IFRANE,OUED IFRANE
Fès-Meknès,IFRANE,TIZGUITE
Fès-Meknès,IFRANE,TIGRIGRA
Fès-Meknès,IFRANE,IFRANE
Fès-Meknès,FES,MECHOUAR FES EL JADID
Fès-Meknès,FES,FES
Fès-Meknès,FES,OULAD TAYEB
Fès-Meknès,FES,SIDI HARAZEM
Fès-Meknès,FES,AIN BIDA
Fès-Meknès,MOULAY YACOUB,AIN KANSARA
Fès-Meknès,MOULAY YACOUB,SIDI DAOUD
Fès-Meknès,MOULAY YACOUB,SEBT LOUDAYA
Fès-Meknès,MOULAY YACOUB,SEBAA ROUADI
Fès-Meknès,MOULAY YACOUB,MOULAY YACOUB
Fès-Meknès,MOULAY YACOUB,MIKKES
Fès-Meknès,MOULAY YACOUB,LOUADAINE
Fès-Meknès,MOULAY YACOUB,LAAJAJRA
Fès-Meknès,MOULAY YACOUB,AIN CHKEF
Fès-Meknès,MOULAY YACOUB,AIN BOU ALI
Fès-Meknès,MOULAY YACOUB,OULAD MIMOUN
Fès-Meknès,MEKNES,M'HAYA
Fès-Meknès,MEKNES,AIN ORMA
Fès-Meknès,MEKNES,AL MACHOUAR STINIA
Fès-Meknès,MEKNES,MOULAY IDRISS ZARHOUN
Fès-Meknès,MEKNES,SIDI ABDELLAH AL KHAYAT
Fès-Meknès,MEKNES,AIN JEMAA
Fès-Meknès,MEKNES,TOULAL
Fès-Meknès,MEKNES,MRHASSIYINE
Fès-Meknès,MEKNES,MAJJATE
Fès-Meknès,MEKNES,DKHISSA
Fès-Meknès,MEKNES,DAR OUM SOLTANE
Fès-Meknès,MEKNES,CHARQAOUA
Fès-Meknès,MEKNES,AIN KARMA-OUED ROMMANE
Fès-Meknès,MEKNES,N'ZALAT BNI AMAR
Fès-Meknès,MEKNES,OUISLANE
Fès-Meknès,MEKNES,OUED JDIDA
Fès-Meknès,MEKNES,OUALILI
Fès-Meknès,MEKNES,BOUFAKRANE
Fès-Meknès,MEKNES,SIDI SLIMANE MOUL AL KIFANE
Fès-Meknès,MEKNES,MEKNES
Fès-Meknès,MEKNES,AIT OUALLAL
Rabat-Salé-Kénitra,RABAT,YACOUB EL MANSOUR
Rabat-Salé-Kénitra,RABAT,HASSAN
Rabat-Salé-Kénitra,RABAT,EL YOUSSOUFIA
Rabat-Salé-Kénitra,RABAT,AGDAL RIYAD
Rabat-Salé-Kénitra,RABAT,TOUARGA
Rabat-Salé-Kénitra,RABAT,SOUISSI
Rabat-Salé-Kénitra,SKHIRATE-TEMARA,AIN EL AOUDA
Rabat-Salé-Kénitra,SKHIRATE-TEMARA,AIN ATTIG
Rabat-Salé-Kénitra,SKHIRATE-TEMARA,OUM AZZA
Rabat-Salé-Kénitra,SKHIRATE-TEMARA,MERS EL KHEIR
Rabat-Salé-Kénitra,SKHIRATE-TEMARA,SIDI YAHYA ZAER
Rabat-Salé-Kénitra,SKHIRATE-TEMARA,TEMARA
Rabat-Salé-Kénitra,SKHIRATE-TEMARA,SABBAH
Rabat-Salé-Kénitra,SKHIRATE-TEMARA,HARHOURA
Rabat-Salé-Kénitra,SKHIRATE-TEMARA,EL MENZEH
Rabat-Salé-Kénitra,SKHIRATE-TEMARA,SKHIRATE
Rabat-Salé-Kénitra,KHEMISSET,TIDDAS
Rabat-Salé-Kénitra,KHEMISSET,OULMES
Rabat-Salé-Kénitra,KHEMISSET,AIN SBIT
Rabat-Salé-Kénitra,KHEMISSET,SIDI EL RHANDOUR
Rabat-Salé-Kénitra,KHEMISSET,SIDI ALLAL LAMSADDER
Rabat-Salé-Kénitra,KHEMISSET,SIDI ALLAL EL BAHRAOUI
Rabat-Salé-Kénitra,KHEMISSET,SIDI ABDERRAZAK
Rabat-Salé-Kénitra,KHEMISSET,SFASSIF
Rabat-Salé-Kénitra,KHEMISSET,ROMMANI
Rabat-Salé-Kénitra,KHEMISSET,M'QAM TOLBA
Rabat-Salé-Kénitra,KHEMISSET,AIN JOHRA - SIDI BOUKHALKHAL
Rabat-Salé-Kénitra,KHEMISSET,AIT YADINE
Rabat-Salé-Kénitra,KHEMISSET,AIT BOUYAHIA EL HAJJAMA
Rabat-Salé-Kénitra,KHEMISSET,EZZHILIGA
Rabat-Salé-Kénitra,KHEMISSET,MAAZIZ
Rabat-Salé-Kénitra,KHEMISSET,MY DRISS AGHBAL
Rabat-Salé-Kénitra,KHEMISSET,MARCHOUCH
Rabat-Salé-Kénitra,KHEMISSET,MAJMAA TOLBA
Rabat-Salé-Kénitra,KHEMISSET,LAGHOUALEM
Rabat-Salé-Kénitra,KHEMISSET,HOUDERRANE
Rabat-Salé-Kénitra,KHEMISSET,EL GANZRA
Rabat-Salé-Kénitra,KHEMISSET,BRACHOUA
Rabat-Salé-Kénitra,KHEMISSET,BOUQACHMIR
Rabat-Salé-Kénitra,KHEMISSET,KHEMIS SIDI YAHYA
Rabat-Salé-Kénitra,KHEMISSET,JEMAAT MOUL BLAD
Rabat-Salé-Kénitra,KHEMISSET,AIT SIBERNE
Rabat-Salé-Kénitra,KHEMISSET,AIT OURIBEL
Rabat-Salé-Kénitra,KHEMISSET,AIT MIMOUNE
Rabat-Salé-Kénitra,KHEMISSET,AIT MALEK
Rabat-Salé-Kénitra,KHEMISSET,AIT IKKOU
Rabat-Salé-Kénitra,KHEMISSET,AIT ICHOU
Rabat-Salé-Kénitra,KHEMISSET,AIT BELKACEM
Rabat-Salé-Kénitra,KHEMISSET,AIT ALI OU LAHCEN
Rabat-Salé-Kénitra,KHEMISSET,TIFLET
Rabat-Salé-Kénitra,KHEMISSET,KHEMISSET
Rabat-Salé-Kénitra,KENITRA,ARBAOUA
Rabat-Salé-Kénitra,KENITRA,SIDI MOHAMED BENMANSOUR
Rabat-Salé-Kénitra,KENITRA,BENMANSOUR
Rabat-Salé-Kénitra,KENITRA,BAHHARA OULED AYAD
Rabat-Salé-Kénitra,KENITRA,OULED SLAMA
Rabat-Salé-Kénitra,KENITRA,MOULAY BOUSSELHAM
Rabat-Salé-Kénitra,KENITRA,SIDI ALLAL TAZI
Rabat-Salé-Kénitra,KENITRA,LALLA MIMOUNA
Rabat-Salé-Kénitra,KENITRA,SIDI MOHAMED LAHMAR
Rabat-Salé-Kénitra,KENITRA,SIDI BOUBKER EL HAJ
Rabat-Salé-Kénitra,KENITRA,MOGRANE
Rabat-Salé-Kénitra,KENITRA,MNASRA
Rabat-Salé-Kénitra,KENITRA,MEHDYA
Rabat-Salé-Kénitra,KENITRA,KARIAT BEN AOUDA
Rabat-Salé-Kénitra,KENITRA,HADDADA
Rabat-Salé-Kénitra,KENITRA,CHOUAFAA
Rabat-Salé-Kénitra,KENITRA,BENI MALEK
Rabat-Salé-Kénitra,KENITRA,AMEUR SEFLIA
Rabat-Salé-Kénitra,KENITRA,SIDI TAIBI
Rabat-Salé-Kénitra,KENITRA,OUED EL MAKHAZINE
Rabat-Salé-Kénitra,KENITRA,SOUK TLET EL GHARB
Rabat-Salé-Kénitra,KENITRA,SOUK EL ARBAA
Rabat-Salé-Kénitra,KENITRA,KENITRA
Rabat-Salé-Kénitra,SIDI KACEM,CHBANATE
Rabat-Salé-Kénitra,SIDI KACEM,BNI OUAL
Rabat-Salé-Kénitra,SIDI KACEM,BIR TALEB
Rabat-Salé-Kénitra,SIDI KACEM,BAB TIOUKA
Rabat-Salé-Kénitra,SIDI KACEM,AL HAOUAFATE
Rabat-Salé-Kénitra,SIDI KACEM,AIN DFALI
Rabat-Salé-Kénitra,SIDI KACEM,SIDI AHMED BEN AISSA
Rabat-Salé-Kénitra,SIDI KACEM,MECHRA BEL KSIRI
Rabat-Salé-Kénitra,SIDI KACEM,ZIRARA
Rabat-Salé-Kénitra,SIDI KACEM,KHNICHET
Rabat-Salé-Kénitra,SIDI KACEM,SIDI M'HAMED CHELH
Rabat-Salé-Kénitra,SIDI KACEM,ZAGGOTA
Rabat-Salé-Kénitra,SIDI KACEM,SIDI AZZOUZ
Rabat-Salé-Kénitra,SIDI KACEM,SIDI AMEUR AL HADI
Rabat-Salé-Kénitra,SIDI KACEM,SIDI AL KAMEL
Rabat-Salé-Kénitra,SIDI KACEM,SELFAT
Rabat-Salé-Kénitra,SIDI KACEM,SEFSAF
Rabat-Salé-Kénitra,SIDI KACEM,RMILAT
Rabat-Salé-Kénitra,SIDI KACEM,OULAD NOUEL
Rabat-Salé-Kénitra,SIDI KACEM,MOULAY ABDELKADER
Rabat-Salé-Kénitra,SIDI KACEM,LAMRABIH
Rabat-Salé-Kénitra,SIDI KACEM,JORF EL MELHA
Rabat-Salé-Kénitra,SIDI KACEM,HAD KOURT
Rabat-Salé-Kénitra,SIDI KACEM,TEKNA
Rabat-Salé-Kénitra,SIDI KACEM,TAOUGHILT
Rabat-Salé-Kénitra,SIDI KACEM,NOUIRATE
Rabat-Salé-Kénitra,SIDI KACEM,DAR LAASLOUJI
Rabat-Salé-Kénitra,SIDI KACEM,DAR GUEDDARI
Rabat-Salé-Kénitra,SIDI KACEM,SIDI KACEM
Rabat-Salé-Kénitra,SALE,SALA MEDINA
Rabat-Salé-Kénitra,SALE,SIDI BOUKNADEL
Rabat-Salé-Kénitra,SALE,SHOUL
Rabat-Salé-Kénitra,SALE,AMEUR
Rabat-Salé-Kénitra,SIDI SLIMANE,SIDI YAHIA EL GHARB
Rabat-Salé-Kénitra,SIDI SLIMANE,OULED H'CINE
Rabat-Salé-Kénitra,SIDI SLIMANE,OULED BEN HAMMADI
Rabat-Salé-Kénitra,SIDI SLIMANE,SFAFAA
Rabat-Salé-Kénitra,SIDI SLIMANE,M'SAADA
Rabat-Salé-Kénitra,SIDI SLIMANE,KCEIBYA
Rabat-Salé-Kénitra,SIDI SLIMANE,DAR BEL AMRI
Rabat-Salé-Kénitra,SIDI SLIMANE,BOUMAIZ
Rabat-Salé-Kénitra,SIDI SLIMANE,AZGHAR
Rabat-Salé-Kénitra,SIDI SLIMANE,AMEUR CHAMALIA
Rabat-Salé-Kénitra,SIDI SLIMANE,SIDI SLIMANE
Béni Mellal-Khénifra,BENI MELLAL,AGHBALA
Béni Mellal-Khénifra,BENI MELLAL,GUETTAYA
Béni Mellal-Khénifra,BENI MELLAL,FOUM OUDI
Béni Mellal-Khénifra,BENI MELLAL,FOUM EL ANCEUR
Béni Mellal-Khénifra,BENI MELLAL,EL KSIBA
Béni Mellal-Khénifra,BENI MELLAL,DIR EL KSIBA
Béni Mellal-Khénifra,BENI MELLAL,BOUTFERDA
Béni Mellal-Khénifra,BENI MELLAL,AIT OUM EL BEKHT
Béni Mellal-Khénifra,BENI MELLAL,TAGHZIRT
Béni Mellal-Khénifra,BENI MELLAL,OULED GNAOU
Béni Mellal-Khénifra,BENI MELLAL,SIDI JABER
Béni Mellal-Khénifra,BENI MELLAL,OULED SAID LOUED
Béni Mellal-Khénifra,BENI MELLAL,OULED YAICH
Béni Mellal-Khénifra,BENI MELLAL,OULED M'BAREK
Béni Mellal-Khénifra,BENI MELLAL,ZAOUIAT CHEIKH
Béni Mellal-Khénifra,BENI MELLAL,SEMGUET
Béni Mellal-Khénifra,BENI MELLAL,OULED YOUSSEF
Béni Mellal-Khénifra,BENI MELLAL,NAOUR
Béni Mellal-Khénifra,BENI MELLAL,TANOUGHA
Béni Mellal-Khénifra,BENI MELLAL,KASBA TADLA
Béni Mellal-Khénifra,BENI MELLAL,TIZI N'ISLY
Béni Mellal-Khénifra,BENI MELLAL,BENI MELLAL
Béni Mellal-Khénifra,AZILAL,AFOURAR
Béni Mellal-Khénifra,AZILAL,AGOUDI N'LKHAIR
Béni Mellal-Khénifra,AZILAL,SIDI BOULKHALF
Béni Mellal-Khénifra,AZILAL,BNI A'YAT
Béni Mellal-Khénifra,AZILAL,OUAOUIZEGHT
Béni Mellal-Khénifra,AZILAL,FOUM JEMAA
Béni Mellal-Khénifra,AZILAL,BZOU
Béni Mellal-Khénifra,AZILAL,ZAOUIAT AHANSAL
Béni Mellal-Khénifra,AZILAL,RFALA
Béni Mellal-Khénifra,AZILAL,OUAOULA
Béni Mellal-Khénifra,AZILAL,MOULAY AISSA BEN DRISS
Béni Mellal-Khénifra,AZILAL,ISSEKSI
Béni Mellal-Khénifra,AZILAL,IMLIL
Béni Mellal-Khénifra,AZILAL,DEMNATE
Béni Mellal-Khénifra,AZILAL,BNI HASSANE
Béni Mellal-Khénifra,AZILAL,BIN EL OUIDANE
Béni Mellal-Khénifra,AZILAL,ANZOU
Béni Mellal-Khénifra,AZILAL,ANERGUI
Béni Mellal-Khénifra,AZILAL,AIT TAMLIL
Béni Mellal-Khénifra,AZILAL,AIT TAGUELLA
Béni Mellal-Khénifra,AZILAL,AIT OUQABLI
Béni Mellal-Khénifra,AZILAL,AIT OUMDIS
Béni Mellal-Khénifra,AZILAL,AIT OUAARDA
Béni Mellal-Khénifra,AZILAL,AIT MAZIGH
Béni Mellal-Khénifra,AZILAL,AIT MAJDEN
Béni Mellal-Khénifra,AZILAL,AIT M'HAMED
Béni Mellal-Khénifra,AZILAL,AIT BOU OULLI
Béni Mellal-Khénifra,AZILAL,TABIA
Béni Mellal-Khénifra,AZILAL,TAGLEFT
Béni Mellal-Khénifra,AZILAL,TABAROUCHT
Béni Mellal-Khénifra,AZILAL,TABANT
Béni Mellal-Khénifra,AZILAL,TAOUNZA
Béni Mellal-Khénifra,AZILAL,TANANT
Béni Mellal-Khénifra,AZILAL,TAMDA NOUMERCID
Béni Mellal-Khénifra,AZILAL,AIT BLAL
Béni Mellal-Khénifra,AZILAL,AIT ABBAS
Béni Mellal-Khénifra,AZILAL,SIDI YACOUB
Béni Mellal-Khénifra,AZILAL,TISQI
Béni Mellal-Khénifra,AZILAL,TIMOULILT
Béni Mellal-Khénifra,AZILAL,TILOUGGUITE
Béni Mellal-Khénifra,AZILAL,TIFNI
Béni Mellal-Khénifra,AZILAL,TIFFERT N'AIT HAMZA
Béni Mellal-Khénifra,AZILAL,TIDILI FETOUAKA
Béni Mellal-Khénifra,AZILAL,AZILAL
Béni Mellal-Khénifra,KHENIFRA,AIT ISHAQ
Béni Mellal-Khénifra,KHENIFRA,EL KBAB
Béni Mellal-Khénifra,KHENIFRA,HAD BOUHSSOUSSEN
Béni Mellal-Khénifra,KHENIFRA,MOULAY BOUAZZA
Béni Mellal-Khénifra,KHENIFRA,TIGHASSALINE
Béni Mellal-Khénifra,KHENIFRA,KERROUCHEN
Béni Mellal-Khénifra,KHENIFRA,AGUELMOUS
Béni Mellal-Khénifra,KHENIFRA,OUAOUMANA
Béni Mellal-Khénifra,KHENIFRA,SIDI LAMINE
Béni Mellal-Khénifra,KHENIFRA,SIDI HCINE
Béni Mellal-Khénifra,KHENIFRA,SIDI AMAR
Béni Mellal-Khénifra,KHENIFRA,SEBT AIT RAHOU
Béni Mellal-Khénifra,KHENIFRA,MOHA OU HAMMOU ZAYANI
Béni Mellal-Khénifra,KHENIFRA,M'RIRT
Béni Mellal-Khénifra,KHENIFRA,LEHRI
Béni Mellal-Khénifra,KHENIFRA,EL HAMMAM
Béni Mellal-Khénifra,KHENIFRA,EL BORJ
Béni Mellal-Khénifra,KHENIFRA,AGUELMAM AZEGZA
Béni Mellal-Khénifra,KHENIFRA,OUM RABIA
Béni Mellal-Khénifra,KHENIFRA,AIT SAADELLI
Béni Mellal-Khénifra,KHENIFRA,SIDI YAHYA OU SAAD
Béni Mellal-Khénifra,KHENIFRA,KHENIFRA
Béni Mellal-Khénifra,KHOURIBGA,ROUACHED
Béni Mellal-Khénifra,KHOURIBGA,TACHRAFAT
Béni Mellal-Khénifra,KHOURIBGA,BOULANOUARE
Béni Mellal-Khénifra,KHOURIBGA,MAADNA
Béni Mellal-Khénifra,KHOURIBGA,M'FASSIS
Béni Mellal-Khénifra,KHOURIBGA,LAGNADIZ
Béni Mellal-Khénifra,KHOURIBGA,OULAD AZZOUZ
Béni Mellal-Khénifra,KHOURIBGA,LAGFAF
Béni Mellal-Khénifra,KHOURIBGA,KASBAT TROCH
Béni Mellal-Khénifra,KHOURIBGA,HATTANE
Béni Mellal-Khénifra,KHOURIBGA,EL FOQRA
Béni Mellal-Khénifra,KHOURIBGA,CHOUGRANE
Béni Mellal-Khénifra,KHOURIBGA,BRAKSA
Béni Mellal-Khénifra,KHOURIBGA,BOUKHRISSE
Béni Mellal-Khénifra,KHOURIBGA,BOUJNIBA
Béni Mellal-Khénifra,KHOURIBGA,BNI ZRANTEL
Béni Mellal-Khénifra,KHOURIBGA,BNI YKHLEF
Béni Mellal-Khénifra,KHOURIBGA,BNI SMIR
Béni Mellal-Khénifra,KHOURIBGA,BNI BATAOU
Béni Mellal-Khénifra,KHOURIBGA,BIR MEZOUI
Béni Mellal-Khénifra,KHOURIBGA,BEJAAD
Béni Mellal-Khénifra,KHOURIBGA,AIT AMMAR
Béni Mellal-Khénifra,KHOURIBGA,AIN KAICHER
Béni Mellal-Khénifra,KHOURIBGA,OULAD GOUAOUCH
Béni Mellal-Khénifra,KHOURIBGA,OULAD FTATA
Béni Mellal-Khénifra,KHOURIBGA,OULAD FENNANE
Béni Mellal-Khénifra,KHOURIBGA,OULAD BOUGHADI
Béni Mellal-Khénifra,KHOURIBGA,OULAD ABDOUNE
Béni Mellal-Khénifra,KHOURIBGA,OUED ZEM
Béni Mellal-Khénifra,KHOURIBGA,KHOURIBGA
Béni Mellal-Khénifra,KHOURIBGA,OULAD AISSA
Béni Mellal-Khénifra,FQUIH BEN SALAH,SOUK SEBT OULED NEMMA
Béni Mellal-Khénifra,FQUIH BEN SALAH,SIDI HAMMADI
Béni Mellal-Khénifra,FQUIH BEN SALAH,SIDI AISSA BEN ALI
Béni Mellal-Khénifra,FQUIH BEN SALAH,OULED ZMAM
Béni Mellal-Khénifra,FQUIH BEN SALAH,FQUIH BEN SALAH
Béni Mellal-Khénifra,FQUIH BEN SALAH,OULED NACER
Béni Mellal-Khénifra,FQUIH BEN SALAH,OULED AYAD
Béni Mellal-Khénifra,FQUIH BEN SALAH,DAR OULD ZIDOUH
Béni Mellal-Khénifra,FQUIH BEN SALAH,BRADIA
Béni Mellal-Khénifra,FQUIH BEN SALAH,OULED BOURAHMOUNE
Béni Mellal-Khénifra,FQUIH BEN SALAH,KRIFATE
Béni Mellal-Khénifra,FQUIH BEN SALAH,KHALFIA
Béni Mellal-Khénifra,FQUIH BEN SALAH,HEL MERBAA
Béni Mellal-Khénifra,FQUIH BEN SALAH,HAD BOUMOUSSA
Béni Mellal-Khénifra,FQUIH BEN SALAH,BNI OUKIL
Béni Mellal-Khénifra,FQUIH BEN SALAH,BNI CHEGDALE
Casablanca-Settat,MOHAMMADIA,SIDI MOUSSA EL MAJDOUB
Casablanca-Settat,MOHAMMADIA,MOHAMMADIA
Casablanca-Settat,MOHAMMADIA,BNI YAKHLEF
Casablanca-Settat,MOHAMMADIA,SIDI MOUSSA BEN ALI
Casablanca-Settat,MOHAMMADIA,ECH-CHALLALATE
Casablanca-Settat,MOHAMMADIA,AIN HARROUDA
Casablanca-Settat,EL JADIDA,SI HSAIEN BEN ABDERRAHMANE
Casablanca-Settat,EL JADIDA,OULAD SIDI ALI BEN YOUSSEF
Casablanca-Settat,EL JADIDA,OULED HCINE
Casablanca-Settat,EL JADIDA,OULED GHANEM
Casablanca-Settat,EL JADIDA,SIDI ALI BEN HAMDOUCHE
Casablanca-Settat,EL JADIDA,SIDI SMAIL
Casablanca-Settat,EL JADIDA,OULED FREJ
Casablanca-Settat,EL JADIDA,MY ABDELLAH
Casablanca-Settat,EL JADIDA,SIDI M'HAMED AKHDIM
Casablanca-Settat,EL JADIDA,ZAOUIAT SAISS
Casablanca-Settat,EL JADIDA,ZAOUIAT LAKOUACEM
Casablanca-Settat,EL JADIDA,SIDI ABED
Casablanca-Settat,EL JADIDA,MOGRESS
Casablanca-Settat,EL JADIDA,METTOUH
Casablanca-Settat,EL JADIDA,HAOUZIA
Casablanca-Settat,EL JADIDA,CHTOUKA
Casablanca-Settat,EL JADIDA,CHAIBATE
Casablanca-Settat,EL JADIDA,BOULAOUANE
Casablanca-Settat,EL JADIDA,AZEMMOUR
Casablanca-Settat,EL JADIDA,SEBT SAISS
Casablanca-Settat,EL JADIDA,OULAD RAHMOUNE
Casablanca-Settat,EL JADIDA,OULAD HAMDANE
Casablanca-Settat,EL JADIDA,LBIR JDID
Casablanca-Settat,EL JADIDA,LAMHARZA ESSAHEL
Casablanca-Settat,EL JADIDA,LAGHDIRA
Casablanca-Settat,EL JADIDA,EL JADIDA
Casablanca-Settat,EL JADIDA,OULAD AISSA
Casablanca-Settat,SETTAT,SGAMNA
Casablanca-Settat,SETTAT,AIN DORBANE - LAHLAF
Casablanca-Settat,SETTAT,GUISSER
Casablanca-Settat,SETTAT,SIDI DAHBI
Casablanca-Settat,SETTAT,SIDI BOUMEHDI
Casablanca-Settat,SETTAT,SIDI AHMED EL KHADIR
Casablanca-Settat,SETTAT,SIDI ABDELKRIM
Casablanca-Settat,SETTAT,N'KHILA
Casablanca-Settat,SETTAT,MZOURA
Casablanca-Settat,SETTAT,MZAMZA JANOUBIA
Casablanca-Settat,SETTAT,MRIZIGUE
Casablanca-Settat,SETTAT,MNIAA
Casablanca-Settat,SETTAT,MESKOURA
Casablanca-Settat,SETTAT,MACHRAA BEN ABBOU
Casablanca-Settat,SETTAT,M'GARTO
Casablanca-Settat,SETTAT,GDANA
Casablanca-Settat,SETTAT,EL BOROUJ
Casablanca-Settat,SETTAT,DAR CHAFFAI
Casablanca-Settat,SETTAT,BOUGUARGOUH
Casablanca-Settat,SETTAT,BNI YAGRINE
Casablanca-Settat,SETTAT,BNI KHLOUG
Casablanca-Settat,SETTAT,BEN AHMED
Casablanca-Settat,SETTAT,AIN BLAL
Casablanca-Settat,SETTAT,SIDI HAJJAJ
Casablanca-Settat,SETTAT,SIDI EL AIDI
Casablanca-Settat,SETTAT,SIDI MOHAMMED BEN RAHAL
Casablanca-Settat,SETTAT,OULAD SAID
Casablanca-Settat,SETTAT,RAS EL AIN CHAOUIA
Casablanca-Settat,SETTAT,RIMA
Casablanca-Settat,SETTAT,TOUALET
Casablanca-Settat,SETTAT,OULAD SGHIR
Casablanca-Settat,SETTAT,OULAD M'RAH
Casablanca-Settat,SETTAT,OULAD M'HAMED
Casablanca-Settat,SETTAT,OULAD FREIHA
Casablanca-Settat,SETTAT,OULAD FARES EL HALLA
Casablanca-Settat,SETTAT,OULAD FARES
Casablanca-Settat,SETTAT,OULAD CHBANA
Casablanca-Settat,SETTAT,OULAD BOUALI NOUAJA
Casablanca-Settat,SETTAT,OULAD AMER
Casablanca-Settat,SETTAT,OUED NAANAA
Casablanca-Settat,SETTAT,LOULAD
Casablanca-Settat,SETTAT,LAQRAQRA
Casablanca-Settat,SETTAT,LAKHZAZRA
Casablanca-Settat,SETTAT,LAHOUAZA
Casablanca-Settat,SETTAT,KHEMISSET CHAOUIA
Casablanca-Settat,SETTAT,SETTAT
Casablanca-Settat,BENSLIMANE,ZIAIDA
Casablanca-Settat,BENSLIMANE,SIDI BETTACHE
Casablanca-Settat,BENSLIMANE,RDADNA OULAD MALEK
Casablanca-Settat,BENSLIMANE,MOUALINE EL OUED
Casablanca-Settat,BENSLIMANE,MELLILA
Casablanca-Settat,BENSLIMANE,FDALATE
Casablanca-Settat,BENSLIMANE,EL MANSOURIA
Casablanca-Settat,BENSLIMANE,CHARRATE
Casablanca-Settat,BENSLIMANE,BOUZNIKA
Casablanca-Settat,BENSLIMANE,BIR ENNASR
Casablanca-Settat,BENSLIMANE,AIN TIZGHA
Casablanca-Settat,BENSLIMANE,AHLAF
Casablanca-Settat,BENSLIMANE,OULAD YAHYA LOUTA
Casablanca-Settat,BENSLIMANE,OULAD ALI TOUALAA
Casablanca-Settat,BENSLIMANE,BENSLIMANE
Casablanca-Settat,CASABLANCA,MECHOUAR CASABLANCA
Casablanca-Settat,HAY HASSANI,HAY HASSANI
Casablanca-Settat,AIN CHOCK,AIN CHOCK
Casablanca-Settat,SIDI BERNOUSSI,SIDI MOUMEN
Casablanca-Settat,SIDI BERNOUSSI,SIDI BERNOUSSI
Casablanca-Settat,BEN M'SICK,SBATA
Casablanca-Settat,BEN M'SICK,BEN M'SICK
Casablanca-Settat,MOULAY RACHID,MOULAY RACHID
Casablanca-Settat,MOULAY RACHID,SIDI OTHMANE
Casablanca-Settat,NOUACEUR,DAR BOUAZZA
Casablanca-Settat,NOUACEUR,BOUSKOURA
Casablanca-Settat,NOUACEUR,OULAD SALAH
Casablanca-Settat,NOUACEUR,NOUACEUR
Casablanca-Settat,NOUACEUR,OULED AZZOUZ
Casablanca-Settat,MEDIOUNA,SIDI HAJJAJ OUED HASSAR
Casablanca-Settat,MEDIOUNA,MEDIOUNA
Casablanca-Settat,MEDIOUNA,LAHRAOUYINE
Casablanca-Settat,MEDIOUNA,AL MAJJATIA OULAD TALEB
Casablanca-Settat,MEDIOUNA,TIT MELLIL
Casablanca-Settat,CASABLANCA ANFA,SIDI BELYOUT
Casablanca-Settat,CASABLANCA ANFA,ANFA
Casablanca-Settat,CASABLANCA ANFA,EL MAARIF
Casablanca-Settat,AL FIDA MERS SULTA,MERS SULTAN
Casablanca-Settat,AL FIDA MERS SULTA,AL FIDA
Casablanca-Settat,AIN SEBAA HAY MOHAMMADI,HAY MOHAMMADI
Casablanca-Settat,AIN SEBAA HAY MOHAMMADI,ASSOUKHOUR ASSAWDA
Casablanca-Settat,AIN SEBAA HAY MOHAMMADI,AIN SEBAA
Casablanca-Settat,SIDI BENNOUR,LMECHREK
Casablanca-Settat,SIDI BENNOUR,LGHARBIA
Casablanca-Settat,SIDI BENNOUR,LAGHNADRA
Casablanca-Settat,SIDI BENNOUR,LAATATRA
Casablanca-Settat,SIDI BENNOUR,BOUHMAME
Casablanca-Settat,SIDI BENNOUR,LOUALIDIA
Casablanca-Settat,SIDI BENNOUR,LAAOUNATE
Casablanca-Settat,SIDI BENNOUR,BNI TSIRISS
Casablanca-Settat,SIDI BENNOUR,BNI HILAL
Casablanca-Settat,SIDI BENNOUR,ZMAMRA
Casablanca-Settat,SIDI BENNOUR,OULAD AMRANE
Casablanca-Settat,SIDI BENNOUR,SANIAT BERGUIG
Casablanca-Settat,SIDI BENNOUR,OULAD SI BOUHYA
Casablanca-Settat,SIDI BENNOUR,OULAD SBAITA
Casablanca-Settat,SIDI BENNOUR,OULAD BOUSSAKEN
Casablanca-Settat,SIDI BENNOUR,METRANE
Casablanca-Settat,SIDI BENNOUR,M'TAL
Casablanca-Settat,SIDI BENNOUR,TAMDA
Casablanca-Settat,SIDI BENNOUR,LAAMRIA
Casablanca-Settat,SIDI BENNOUR,LAAGAGCHA
Casablanca-Settat,SIDI BENNOUR,KRIDID
Casablanca-Settat,SIDI BENNOUR,KOUDIAT BNI DGHOUGH
Casablanca-Settat,SIDI BENNOUR,KHMIS KSIBA
Casablanca-Settat,SIDI BENNOUR,JABRIA
Casablanca-Settat,SIDI BENNOUR,SIDI BENNOUR
Casablanca-Settat,BERRECHID,ZAOUIAT SIDI BEN HAMDOUN
Casablanca-Settat,BERRECHID,SIDI EL MEKKI
Casablanca-Settat,BERRECHID,SIDI RAHAL CHATAI
Casablanca-Settat,BERRECHID,SIDI ABDELKHALEQ
Casablanca-Settat,BERRECHID,SAHEL OULAD H'RIZ
Casablanca-Settat,BERRECHID,RIAH
Casablanca-Settat,BERRECHID,OULED ZIDANE
Casablanca-Settat,BERRECHID,OULED CEBBAH
Casablanca-Settat,BERRECHID,OULAD ZIYANE
Casablanca-Settat,BERRECHID,LAMBARKIYINE
Casablanca-Settat,BERRECHID,LAHSASNA
Casablanca-Settat,BERRECHID,LAGHNIMYINE
Casablanca-Settat,BERRECHID,KASBAT BEN MCHICH
Casablanca-Settat,BERRECHID,JAQMA
Casablanca-Settat,BERRECHID,HAD SOUALEM
Casablanca-Settat,BERRECHID,FOQRA OULAD AAMEUR
Casablanca-Settat,BERRECHID,EL GARA
Casablanca-Settat,BERRECHID,DEROUA
Casablanca-Settat,BERRECHID,BERRECHID
Casablanca-Settat,BERRECHID,BEN MAACHOU
Casablanca-Settat,BERRECHID,OULAD ABBOU
Casablanca-Settat,BERRECHID,SOUALEM TRIFIYA
Marrakech-Safi,CHICHAOUA,SIDI GHANEM
Marrakech-Safi,CHICHAOUA,AIN TAZITOUNTE
Marrakech-Safi,CHICHAOUA,OUAD L'BOUR
Marrakech-Safi,CHICHAOUA,SID L'MOKHTAR
Marrakech-Safi,CHICHAOUA,SIDI M'HAMED DALIL
Marrakech-Safi,CHICHAOUA,SIDI BOUZID ARRAGRAGUI
Marrakech-Safi,CHICHAOUA,ZAOUIA ANNAHLIA
Marrakech-Safi,CHICHAOUA,SIDI ABDELMOUMEN
Marrakech-Safi,CHICHAOUA,SAIDATE
Marrakech-Safi,CHICHAOUA,RAHHALA
Marrakech-Safi,CHICHAOUA,MAJJAT
Marrakech-Safi,CHICHAOUA,M'ZOUDA
Marrakech-Safi,CHICHAOUA,LAMZOUDIA
Marrakech-Safi,CHICHAOUA,LALLA AAZIZA
Marrakech-Safi,CHICHAOUA,KOUZEMT
Marrakech-Safi,CHICHAOUA,IROHALEN
Marrakech-Safi,CHICHAOUA,IMINTANOUTE
Marrakech-Safi,CHICHAOUA,ICHAMRAREN
Marrakech-Safi,CHICHAOUA,GMASSA
Marrakech-Safi,CHICHAOUA,DOUIRANE
Marrakech-Safi,CHICHAOUA,ASSIF EL MAL
Marrakech-Safi,CHICHAOUA,AIT HADI
Marrakech-Safi,CHICHAOUA,AIT HADDOU YOUSSEF
Marrakech-Safi,CHICHAOUA,AHDIL
Marrakech-Safi,CHICHAOUA,AFALLA ISSEN
Marrakech-Safi,CHICHAOUA,ADASSIL
Marrakech-Safi,CHICHAOUA,TAOULOUKOULT
Marrakech-Safi,CHICHAOUA,OULAD MOUMNA
Marrakech-Safi,CHICHAOUA,NFIFA
Marrakech-Safi,CHICHAOUA,IMINDOUNIT
Marrakech-Safi,CHICHAOUA,BOUABOUT AMDLANE
Marrakech-Safi,CHICHAOUA,BOUABOUT
Marrakech-Safi,CHICHAOUA,TIMLILT
Marrakech-Safi,CHICHAOUA,TIMEZGADIOUINE
Marrakech-Safi,CHICHAOUA,CHICHAOUA
Marrakech-Safi,AL HAOUZ,AZGOUR
Marrakech-Safi,AL HAOUZ,AIT HKIM AIT YZID
Marrakech-Safi,AL HAOUZ,GHMATE
Marrakech-Safi,AL HAOUZ,IMGDAL
Marrakech-Safi,AL HAOUZ,IJOUKAK
Marrakech-Safi,AL HAOUZ,LALLA TAKARKOUST
Marrakech-Safi,AL HAOUZ,SIDI ABDELLAH GHIAT
Marrakech-Safi,AL HAOUZ,MOULAY BRAHIM
Marrakech-Safi,AL HAOUZ,TAMESLOHTE
Marrakech-Safi,AL HAOUZ,ZERKTEN
Marrakech-Safi,AL HAOUZ,SIDI BADHAJ
Marrakech-Safi,AL HAOUZ,OURIKA
Marrakech-Safi,AL HAOUZ,OULAD MTAA
Marrakech-Safi,AL HAOUZ,AIT FASKA
Marrakech-Safi,AL HAOUZ,IGUERFEROUANE
Marrakech-Safi,AL HAOUZ,IGHIL
Marrakech-Safi,AL HAOUZ,ASNI
Marrakech-Safi,AL HAOUZ,ANOUGAL
Marrakech-Safi,AL HAOUZ,AMIZMIZ
Marrakech-Safi,AL HAOUZ,AMGHRAS
Marrakech-Safi,AL HAOUZ,AIT SIDI DAOUD
Marrakech-Safi,AL HAOUZ,AIT OURIR
Marrakech-Safi,AL HAOUZ,AGHOUATIM
Marrakech-Safi,AL HAOUZ,AGHBAR
Marrakech-Safi,AL HAOUZ,ABADOU
Marrakech-Safi,AL HAOUZ,TOUAMA
Marrakech-Safi,AL HAOUZ,TAZART
Marrakech-Safi,AL HAOUZ,STI FADMA
Marrakech-Safi,AL HAOUZ,TAMAZOUZTE
Marrakech-Safi,AL HAOUZ,TAMAGUERT
Marrakech-Safi,AL HAOUZ,TALAT N'YAAQOUB
Marrakech-Safi,AL HAOUZ,TAHANNAOUT
Marrakech-Safi,AL HAOUZ,OUKAIMDEN
Marrakech-Safi,AL HAOUZ,OUIRGANE
Marrakech-Safi,AL HAOUZ,OUAZGUITA
Marrakech-Safi,AL HAOUZ,DAR JAMAA
Marrakech-Safi,AL HAOUZ,AIT AADEL
Marrakech-Safi,AL HAOUZ,TIZGUINE
Marrakech-Safi,AL HAOUZ,TIGHEDOUINE
Marrakech-Safi,AL HAOUZ,TIDILI MESFIOUA
Marrakech-Safi,EL KELAA DES SRAGHNA,ASSAHRIJ
Marrakech-Safi,EL KELAA DES SRAGHNA,CHTAIBA
Marrakech-Safi,EL KELAA DES SRAGHNA,CHOARA
Marrakech-Safi,EL KELAA DES SRAGHNA,BOUYA OMAR
Marrakech-Safi,EL KELAA DES SRAGHNA,OULAD CHERKI
Marrakech-Safi,EL KELAA DES SRAGHNA,OULAD BOUALI LOUED
Marrakech-Safi,EL KELAA DES SRAGHNA,EL MARBOUH
Marrakech-Safi,EL KELAA DES SRAGHNA,LAATTAOUIA ECH CHAIBIA
Marrakech-Safi,EL KELAA DES SRAGHNA,OULAD AARRAD
Marrakech-Safi,EL KELAA DES SRAGHNA,OULAD AAMER
Marrakech-Safi,EL KELAA DES SRAGHNA,OULAD YAAGOUB
Marrakech-Safi,EL KELAA DES SRAGHNA,EL AAMRIA
Marrakech-Safi,EL KELAA DES SRAGHNA,OUARGUI
Marrakech-Safi,EL KELAA DES SRAGHNA,EDDACHRA
Marrakech-Safi,EL KELAA DES SRAGHNA,DZOUZ
Marrakech-Safi,EL KELAA DES SRAGHNA,LOUAD LAKHDAR
Marrakech-Safi,EL KELAA DES SRAGHNA,KALAAT SRAGHNA
Marrakech-Safi,EL KELAA DES SRAGHNA,MAYATE
Marrakech-Safi,EL KELAA DES SRAGHNA,M'ZEM SANHAJA
Marrakech-Safi,EL KELAA DES SRAGHNA,LOUNASDA
Marrakech-Safi,EL KELAA DES SRAGHNA,LAATTAOUIA
Marrakech-Safi,EL KELAA DES SRAGHNA,JOUALA
Marrakech-Safi,EL KELAA DES SRAGHNA,JBIEL
Marrakech-Safi,EL KELAA DES SRAGHNA,ZNADA
Marrakech-Safi,EL KELAA DES SRAGHNA,ZEMRANE CHARQIA
Marrakech-Safi,EL KELAA DES SRAGHNA,ZEMRANE
Marrakech-Safi,EL KELAA DES SRAGHNA,TAOUZINT
Marrakech-Safi,EL KELAA DES SRAGHNA,TAMALLALT
Marrakech-Safi,EL KELAA DES SRAGHNA,SOUR EL AAZ
Marrakech-Safi,EL KELAA DES SRAGHNA,SIDI RAHAL
Marrakech-Safi,EL KELAA DES SRAGHNA,SIDI MOUSSA
Marrakech-Safi,EL KELAA DES SRAGHNA,SIDI EL HATTAB
Marrakech-Safi,EL KELAA DES SRAGHNA,SIDI AISSA BEN SLIMANE
Marrakech-Safi,EL KELAA DES SRAGHNA,OULAD ZARRAD
Marrakech-Safi,EL KELAA DES SRAGHNA,OULAD SBIH
Marrakech-Safi,EL KELAA DES SRAGHNA,OULAD MSABBEL
Marrakech-Safi,EL KELAA DES SRAGHNA,OULAD MASSAOUD
Marrakech-Safi,EL KELAA DES SRAGHNA,OULAD KHALLOUF
Marrakech-Safi,EL KELAA DES SRAGHNA,OULAD EL GARNE
Marrakech-Safi,EL KELAA DES SRAGHNA,HIADNA
Marrakech-Safi,EL KELAA DES SRAGHNA,FRAITA
Marrakech-Safi,EL KELAA DES SRAGHNA,ERRAFIAYA
Marrakech-Safi,EL KELAA DES SRAGHNA,LAATAMNA
Marrakech-Safi,ESSAOUIRA,ZAOUIAT BEN HMIDA
Marrakech-Safi,ESSAOUIRA,BIZDAD
Marrakech-Safi,ESSAOUIRA,IMGRADE
Marrakech-Safi,ESSAOUIRA,MESKALA
Marrakech-Safi,ESSAOUIRA,M'KHALIF
Marrakech-Safi,ESSAOUIRA,SIDI ALI EL KORATI
Marrakech-Safi,ESSAOUIRA,SIDI AISSA REGRAGUI
Marrakech-Safi,ESSAOUIRA,SIDI AHMED ESSAYEH
Marrakech-Safi,ESSAOUIRA,SIDI ABDELJALIL
Marrakech-Safi,ESSAOUIRA,MZILATE
Marrakech-Safi,ESSAOUIRA,MOULAY BOUZARQTOUNE
Marrakech-Safi,ESSAOUIRA,MOUARID
Marrakech-Safi,ESSAOUIRA,M'RAMER
Marrakech-Safi,ESSAOUIRA,MEJJI
Marrakech-Safi,ESSAOUIRA,KORIMATE
Marrakech-Safi,ESSAOUIRA,KECHOULA
Marrakech-Safi,ESSAOUIRA,IDA OU KAZZOU
Marrakech-Safi,ESSAOUIRA,IDA OU GUELLOUL
Marrakech-Safi,ESSAOUIRA,IDA OU AAZZA
Marrakech-Safi,ESSAOUIRA,HAD DRA
Marrakech-Safi,ESSAOUIRA,EZZAOUITE
Marrakech-Safi,ESSAOUIRA,EL HANCHANE
Marrakech-Safi,ESSAOUIRA,ASSAIS
Marrakech-Safi,ESSAOUIRA,AQUERMOUD
Marrakech-Safi,ESSAOUIRA,AIT SAID
Marrakech-Safi,ESSAOUIRA,AIT DAOUD
Marrakech-Safi,ESSAOUIRA,AIT AISSI IHAHANE
Marrakech-Safi,ESSAOUIRA,AGUERD
Marrakech-Safi,ESSAOUIRA,AGLIF
Marrakech-Safi,ESSAOUIRA,ADAGHAS
Marrakech-Safi,ESSAOUIRA,SIDI H'MAD OU HAMED
Marrakech-Safi,ESSAOUIRA,SIDI HMAD OU M'BAREK
Marrakech-Safi,ESSAOUIRA,TAFETACHTE
Marrakech-Safi,ESSAOUIRA,TIMZGUIDA-OUFTAS
Marrakech-Safi,ESSAOUIRA,OUNAGHA
Marrakech-Safi,ESSAOUIRA,SMIMOU
Marrakech-Safi,ESSAOUIRA,SIDI GHANEME
Marrakech-Safi,ESSAOUIRA,SIDI M'HAMED OU MARZOUQ
Marrakech-Safi,ESSAOUIRA,SIDI LAAROUSSI
Marrakech-Safi,ESSAOUIRA,SIDI KAOUKI
Marrakech-Safi,ESSAOUIRA,SIDI ISHAQ
Marrakech-Safi,ESSAOUIRA,SIDI EL JAZOULI
Marrakech-Safi,ESSAOUIRA,SIDI BOULAALAM
Marrakech-Safi,ESSAOUIRA,TAFEDNA
Marrakech-Safi,ESSAOUIRA,TARGANTE
Marrakech-Safi,ESSAOUIRA,TAMANAR
Marrakech-Safi,ESSAOUIRA,TALMEST
Marrakech-Safi,ESSAOUIRA,TAKOUCHT
Marrakech-Safi,ESSAOUIRA,TAKATE
Marrakech-Safi,ESSAOUIRA,TAHELOUANTE
Marrakech-Safi,ESSAOUIRA,IMI N'TLIT
Marrakech-Safi,ESSAOUIRA,OULAD M'RABET
Marrakech-Safi,ESSAOUIRA,LAHSINATE
Marrakech-Safi,ESSAOUIRA,LAGDADRA
Marrakech-Safi,ESSAOUIRA,BOUZEMMOUR
Marrakech-Safi,ESSAOUIRA,TIDZI
Marrakech-Safi,ESSAOUIRA,ESSAOUIRA
Marrakech-Safi,SAFI,OULED SALMANE
Marrakech-Safi,SAFI,HRARA
Marrakech-Safi,SAFI,BOUGUEDRA
Marrakech-Safi,SAFI,SIDI ETTIJI
Marrakech-Safi,SAFI,SIDI AISSA
Marrakech-Safi,SAFI,MOUL EL BERGUI
Marrakech-Safi,SAFI,EL GOURAANI
Marrakech-Safi,SAFI,EL GHIATE
Marrakech-Safi,SAFI,EL BEDDOUZA
Marrakech-Safi,SAFI,DAR SI AISSA
Marrakech-Safi,SAFI,CHAHDA
Marrakech-Safi,SAFI,AYIR
Marrakech-Safi,SAFI,ATOUABET
Marrakech-Safi,SAFI,SEBT GZOULA
Marrakech-Safi,SAFI,SAADLA
Marrakech-Safi,SAFI,NAGGA
Marrakech-Safi,SAFI,LAMSABIH
Marrakech-Safi,SAFI,LAMRASLA
Marrakech-Safi,SAFI,LAMAACHATE
Marrakech-Safi,SAFI,LAHDAR
Marrakech-Safi,SAFI,LABKHATI
Marrakech-Safi,SAFI,LAAMAMRA
Marrakech-Safi,SAFI,KHATAZAKANE
Marrakech-Safi,SAFI,JAMAAT SHAIM
Marrakech-Safi,SAFI,SAFI
Marrakech-Safi,MARRAKECH,AL OUIDANE
Marrakech-Safi,MARRAKECH,MECHOUAR-KASBA
Marrakech-Safi,MARRAKECH,MARRAKECH
Marrakech-Safi,MARRAKECH,SID ZOUINE
Marrakech-Safi,MARRAKECH,LOUDAYA
Marrakech-Safi,MARRAKECH,SAADA
Marrakech-Safi,MARRAKECH,OULED DLIM
Marrakech-Safi,MARRAKECH,M'NABHA
Marrakech-Safi,MARRAKECH,HARBIL
Marrakech-Safi,MARRAKECH,AGAFAY
Marrakech-Safi,MARRAKECH,OULAD HASSOUNE
Marrakech-Safi,MARRAKECH,OUAHAT SIDI BRAHIM
Marrakech-Safi,MARRAKECH,AIT IMOUR
Marrakech-Safi,MARRAKECH,SOUIHLA
Marrakech-Safi,MARRAKECH,TASSOULTANTE
Marrakech-Safi,REHAMNA,SIDI BOU OTHMANE
Marrakech-Safi,REHAMNA,SIDI ALI LABRAHLA
Marrakech-Safi,REHAMNA,RAS AIN RHAMNA
Marrakech-Safi,REHAMNA,OULAD IMLOUL
Marrakech-Safi,REHAMNA,OULAD HASSOUNE HAMRI
Marrakech-Safi,REHAMNA,OULAD AAMER TIZMARINE
Marrakech-Safi,REHAMNA,LAMHARRA
Marrakech-Safi,REHAMNA,LABRIKIYNE
Marrakech-Safi,REHAMNA,BOURROUS
Marrakech-Safi,REHAMNA,SIDI MANSOUR
Marrakech-Safi,REHAMNA,SIDI ABDELLAH
Marrakech-Safi,REHAMNA,SKHOUR RHAMNA
Marrakech-Safi,REHAMNA,BOUCHANE
Marrakech-Safi,REHAMNA,BEN GUERIR
Marrakech-Safi,REHAMNA,AKARMA
Marrakech-Safi,REHAMNA,AIT TALEB
Marrakech-Safi,REHAMNA,AIT HAMMOU
Marrakech-Safi,REHAMNA,SIDI BOUBKER
Marrakech-Safi,REHAMNA,TLAUH
Marrakech-Safi,REHAMNA,NZALAT LAADAM
Marrakech-Safi,REHAMNA,JBILATE
Marrakech-Safi,REHAMNA,JAIDATE
Marrakech-Safi,REHAMNA,JAAFRA
Marrakech-Safi,REHAMNA,SKOURA LHADRA
Marrakech-Safi,REHAMNA,SIDI GHANEM
Marrakech-Safi,YOUSSOUFIA,RAS EL AIN
Marrakech-Safi,YOUSSOUFIA,LAKHOUALQA
Marrakech-Safi,YOUSSOUFIA,ESBIAAT
Marrakech-Safi,YOUSSOUFIA,EL GANTOUR
Marrakech-Safi,YOUSSOUFIA,ECHEMMAIA
Marrakech-Safi,YOUSSOUFIA,YOUSSOUFIA
Marrakech-Safi,YOUSSOUFIA,SIDI CHIKER
Marrakech-Safi,YOUSSOUFIA,IGHOUD
Marrakech-Safi,YOUSSOUFIA,ATIAMIM
Marrakech-Safi,YOUSSOUFIA,JNANE BOUIH
Marrakech-Safi,YOUSSOUFIA,JDOUR
Drâa-Tafilalet,OUARZAZATE,KHOUZAMA
Drâa-Tafilalet,OUARZAZATE,IZNAGUEN
Drâa-Tafilalet,OUARZAZATE,IGHREM N'OUGDAL
Drâa-Tafilalet,OUARZAZATE,IDELSANE
Drâa-Tafilalet,OUARZAZATE,GHASSATE
Drâa-Tafilalet,OUARZAZATE,AMERZGANE
Drâa-Tafilalet,OUARZAZATE,AIT ZINEB
Drâa-Tafilalet,OUARZAZATE,TOUNDOUTE
Drâa-Tafilalet,OUARZAZATE,IMI-N'OULAOUNE
Drâa-Tafilalet,OUARZAZATE,TIDILI
Drâa-Tafilalet,OUARZAZATE,SKOURA AHL EL OUST
Drâa-Tafilalet,OUARZAZATE,OUISSELSATE
Drâa-Tafilalet,OUARZAZATE,OUARZAZATE
Drâa-Tafilalet,OUARZAZATE,TELOUET
Drâa-Tafilalet,OUARZAZATE,TAZNAKHT
Drâa-Tafilalet,OUARZAZATE,SIROUA
Drâa-Tafilalet,OUARZAZATE,TARMIGT
Drâa-Tafilalet,ZAGORA,ZAGORA
Drâa-Tafilalet,ZAGORA,N'KOB
Drâa-Tafilalet,ZAGORA,MEZGUITA
Drâa-Tafilalet,ZAGORA,M'HAMID EL GHIZLANE
Drâa-Tafilalet,ZAGORA,KTAOUA
Drâa-Tafilalet,ZAGORA,FEZOUATA
Drâa-Tafilalet,ZAGORA,ERROUHA
Drâa-Tafilalet,ZAGORA,BOUZEROUAL
Drâa-Tafilalet,ZAGORA,BNI ZOLI
Drâa-Tafilalet,ZAGORA,BLEIDA
Drâa-Tafilalet,ZAGORA,AGDZ
Drâa-Tafilalet,ZAGORA,AFRA
Drâa-Tafilalet,ZAGORA,AFELLA N'DRA
Drâa-Tafilalet,ZAGORA,TAGOUNITE
Drâa-Tafilalet,ZAGORA,TAGHBALTE
Drâa-Tafilalet,ZAGORA,TAFTECHNA
Drâa-Tafilalet,ZAGORA,TANSIFTE
Drâa-Tafilalet,ZAGORA,TAMEZMOUTE
Drâa-Tafilalet,ZAGORA,TAMEGROUTE
Drâa-Tafilalet,ZAGORA,OULAD YAHIA LAGRAIRE
Drâa-Tafilalet,ZAGORA,AIT BOUDAOUD
Drâa-Tafilalet,ZAGORA,TAZARINE
Drâa-Tafilalet,ZAGORA,AIT OUALLAL
Drâa-Tafilalet,ZAGORA,TINZOULINE
Drâa-Tafilalet,ZAGORA,TERNATA
Drâa-Tafilalet,ERRACHIDIA,SIDI ALI
Drâa-Tafilalet,ERRACHIDIA,MOULAY ALI CHERIF
Drâa-Tafilalet,ERRACHIDIA,MELAAB
Drâa-Tafilalet,ERRACHIDIA,LKHENG
Drâa-Tafilalet,ERRACHIDIA,JORF
Drâa-Tafilalet,ERRACHIDIA,GOULMIMA
Drâa-Tafilalet,ERRACHIDIA,GHERIS ES-SOUFLI
Drâa-Tafilalet,ERRACHIDIA,GHERIS EL OULOUI
Drâa-Tafilalet,ERRACHIDIA,FEZNA
Drâa-Tafilalet,ERRACHIDIA,FERKLA EL OULIA
Drâa-Tafilalet,ERRACHIDIA,ET-TAOUS
Drâa-Tafilalet,ERRACHIDIA,ES-SIFA
Drâa-Tafilalet,ERRACHIDIA,ES-SFALAT
Drâa-Tafilalet,ERRACHIDIA,ER-RTEB
Drâa-Tafilalet,ERRACHIDIA,ER-RISSANI
Drâa-Tafilalet,ERRACHIDIA,CHORFA M'DAGHRA
Drâa-Tafilalet,ERRACHIDIA,ARFOUD
Drâa-Tafilalet,ERRACHIDIA,AMELLAGOU
Drâa-Tafilalet,ERRACHIDIA,AGHBALOU N'KERDOUS
Drâa-Tafilalet,ERRACHIDIA,AARAB SEBBAH ZIZ
Drâa-Tafilalet,ERRACHIDIA,AARAB SEBBAH GHERIS
Drâa-Tafilalet,ERRACHIDIA,FERKLA ES SOUFLA
Drâa-Tafilalet,ERRACHIDIA,BNI M'HAMMED SIJELMASSA
Drâa-Tafilalet,ERRACHIDIA,AOUFOUS
Drâa-Tafilalet,ERRACHIDIA,TADIGHOUST
Drâa-Tafilalet,ERRACHIDIA,OUED NAAM
Drâa-Tafilalet,ERRACHIDIA,BOUDNIB
Drâa-Tafilalet,ERRACHIDIA,ERRACHIDIA
Drâa-Tafilalet,ERRACHIDIA,TINEJDAD
Drâa-Tafilalet,TINGHIR,TOUDGHA ES SOUFLA
Drâa-Tafilalet,TINGHIR,AIT-HANI
Drâa-Tafilalet,TINGHIR,AIT SEDRATE JBEL EL OULIA
Drâa-Tafilalet,TINGHIR,ALNIF
Drâa-Tafilalet,TINGHIR,AIT SEDRATE JBEL SOUFLA
Drâa-Tafilalet,TINGHIR,IKNIOUEN
Drâa-Tafilalet,TINGHIR,IGHIL N'OUMGOUN
Drâa-Tafilalet,TINGHIR,H'SSYIA
Drâa-Tafilalet,TINGHIR,BOUMALNE DADES
Drâa-Tafilalet,TINGHIR,ASSOUL
Drâa-Tafilalet,TINGHIR,AIT YOUL
Drâa-Tafilalet,TINGHIR,AIT SEDRATE SAHL EL GHARBIA
Drâa-Tafilalet,TINGHIR,AIT SEDRATE SAHL CHARKIA
Drâa-Tafilalet,TINGHIR,OUAKLIM
Drâa-Tafilalet,TINGHIR,M'SEMRIR
Drâa-Tafilalet,TINGHIR,M'SSICI
Drâa-Tafilalet,TINGHIR,TOUDGHA EL OULIA
Drâa-Tafilalet,TINGHIR,TAGHZOUTE N'AIT ATTA
Drâa-Tafilalet,TINGHIR,IMIDER
Drâa-Tafilalet,TINGHIR,KALAAT M'GOUNA
Drâa-Tafilalet,TINGHIR,AIT OUASSIF
Drâa-Tafilalet,TINGHIR,AIT EL FARSI
Drâa-Tafilalet,TINGHIR,SOUK LAKHMIS DADES
Drâa-Tafilalet,TINGHIR,TINGHIR
Drâa-Tafilalet,TINGHIR,TILMI
Drâa-Tafilalet,MIDELT,SIDI AAYAD
Drâa-Tafilalet,MIDELT,OUTERBAT
Drâa-Tafilalet,MIDELT,MIDELT
Drâa-Tafilalet,MIDELT,MIBLADEN
Drâa-Tafilalet,MIDELT,M'ZIZEL
Drâa-Tafilalet,MIDELT,GUIR
Drâa-Tafilalet,MIDELT,GUERS TIAALLALINE
Drâa-Tafilalet,MIDELT,ER-RICH
Drâa-Tafilalet,MIDELT,EN-NZALA
Drâa-Tafilalet,MIDELT,SIDI YAHIA OU YOUSSEF
Drâa-Tafilalet,MIDELT,BOU-AZMOU
Drâa-Tafilalet,MIDELT,BOUMIA
Drâa-Tafilalet,MIDELT,ZAIDA
Drâa-Tafilalet,MIDELT,ITZER
Drâa-Tafilalet,MIDELT,AGHBALOU
Drâa-Tafilalet,MIDELT,GOURRAMA
Drâa-Tafilalet,MIDELT,TOUNFITE
Drâa-Tafilalet,MIDELT,ZAOUIAT SIDI HAMZA
Drâa-Tafilalet,MIDELT,ANEMZI
Drâa-Tafilalet,MIDELT,AMOUGUER
Drâa-Tafilalet,MIDELT,AMERSID
Drâa-Tafilalet,MIDELT,AIT YAHYA
Drâa-Tafilalet,MIDELT,AIT IZDEG
Drâa-Tafilalet,MIDELT,AIT BEN YACOUB
Drâa-Tafilalet,MIDELT,AIT AYACH
Drâa-Tafilalet,MIDELT,AGOUDIM
Drâa-Tafilalet,MIDELT,TANOURDI
Drâa-Tafilalet,MIDELT,IMILCHIL
Drâa-Tafilalet,MIDELT,TIZI N'GHACHOU
Souss-Massa,AGADIR IDA OUTANANE,AQSRI
Souss-Massa,AGADIR IDA OUTANANE,DRARGUA
Souss-Massa,AGADIR IDA OUTANANE,AOURIR
Souss-Massa,AGADIR IDA OUTANANE,TAGHAZOUT
Souss-Massa,AGADIR IDA OUTANANE,TADRART
Souss-Massa,AGADIR IDA OUTANANE,IMSOUANE
Souss-Massa,AGADIR IDA OUTANANE,IMOUZZER
Souss-Massa,AGADIR IDA OUTANANE,IDMINE
Souss-Massa,AGADIR IDA OUTANANE,AZIAR
Souss-Massa,AGADIR IDA OUTANANE,AMSKROUD
Souss-Massa,AGADIR IDA OUTANANE,AGADIR
Souss-Massa,AGADIR IDA OUTANANE,TAMRI
Souss-Massa,AGADIR IDA OUTANANE,TIQQI
Souss-Massa,INEZGANE-AIT MELLOUL,TEMSIA
Souss-Massa,INEZGANE-AIT MELLOUL,OULAD DAHOU
Souss-Massa,INEZGANE-AIT MELLOUL,LQLIAA
Souss-Massa,INEZGANE-AIT MELLOUL,DCHEIRA EL JIHADIA
Souss-Massa,INEZGANE-AIT MELLOUL,INEZGANE
Souss-Massa,INEZGANE-AIT MELLOUL,AIT MELLOUL
Souss-Massa,CHTOUKA-AIT BAHA,BIOUGRA
Souss-Massa,CHTOUKA-AIT BAHA,AOUGUENZ
Souss-Massa,CHTOUKA-AIT BAHA,OUED ESSAFA
Souss-Massa,CHTOUKA-AIT BAHA,SIDI BIBI
Souss-Massa,CHTOUKA-AIT BAHA,SIDI ABDALLAH EL BOUCHOUARI
Souss-Massa,CHTOUKA-AIT BAHA,AIT M'ZAL
Souss-Massa,CHTOUKA-AIT BAHA,TARGUA-NTOUCHKA
Souss-Massa,CHTOUKA-AIT BAHA,AIT AMIRA
Souss-Massa,CHTOUKA-AIT BAHA,MASSA
Souss-Massa,CHTOUKA-AIT BAHA,BELFAA
Souss-Massa,CHTOUKA-AIT BAHA,SIDI OUASSAY
Souss-Massa,CHTOUKA-AIT BAHA,SIDI BOUSHAB
Souss-Massa,CHTOUKA-AIT BAHA,IMI MQOURN
Souss-Massa,CHTOUKA-AIT BAHA,IDA OUGNIDIF
Souss-Massa,CHTOUKA-AIT BAHA,HILALA
Souss-Massa,CHTOUKA-AIT BAHA,TANALT
Souss-Massa,CHTOUKA-AIT BAHA,INCHADEN
Souss-Massa,CHTOUKA-AIT BAHA,AIT OUADRIM
Souss-Massa,CHTOUKA-AIT BAHA,AIT MILK
Souss-Massa,CHTOUKA-AIT BAHA,AIT BAHA
Souss-Massa,CHTOUKA-AIT BAHA,TIZI NTAKOUCHT
Souss-Massa,CHTOUKA-AIT BAHA,TASSEGDELT
Souss-Massa,TAROUDANNT,TABIA
Souss-Massa,TAROUDANNT,SIDI MZAL
Souss-Massa,TAROUDANNT,SIDI ABDALLAH OU SAID
Souss-Massa,TAROUDANNT,SIDI MOUSSA LHAMRI
Souss-Massa,TAROUDANNT,SIDI HSAINE
Souss-Massa,TAROUDANNT,SIDI DAHMANE
Souss-Massa,TAROUDANNT,SIDI BOUMOUSSA
Souss-Massa,TAROUDANNT,TOUMLILINE
Souss-Massa,TAROUDANNT,TOUGHMART
Souss-Massa,TAROUDANNT,SIDI OUAAZIZ
Souss-Massa,TAROUDANNT,SIDI BORJA
Souss-Massa,TAROUDANNT,SIDI BOAAL
Souss-Massa,TAROUDANNT,SIDI AHMED OU AMAR
Souss-Massa,TAROUDANNT,SIDI AHMED OU ABDALLAH
Souss-Massa,TAROUDANNT,OUZIOUA
Souss-Massa,TAROUDANNT,OUNEINE
Souss-Massa,TAROUDANNT,OULAD TEIMA
Souss-Massa,TAROUDANNT,OULAD BERHIL
Souss-Massa,TAROUDANNT,MACHRAA EL AIN
Souss-Massa,TAROUDANNT,LAMNIZLA
Souss-Massa,TAROUDANNT,LAMHARA
Souss-Massa,TAROUDANNT,LAMHADI
Souss-Massa,TAROUDANNT,LAKHNAFIF
Souss-Massa,TAROUDANNT,LAGFIFAT
Souss-Massa,TAROUDANNT,ISSEN
Souss-Massa,TAROUDANNT,IRHERM
Souss-Massa,TAROUDANNT,IMOULASS
Souss-Massa,TAROUDANNT,IMILMAISS
Souss-Massa,TAROUDANNT,IMI N'TAYART
Souss-Massa,TAROUDANNT,IMAOUEN
Souss-Massa,TAROUDANNT,IGUIDI
Souss-Massa,TAROUDANNT,IGOUDAR MNABHA
Souss-Massa,TAROUDANNT,IGLI
Souss-Massa,TAROUDANNT,IDA OUGOUMMAD
Souss-Massa,TAROUDANNT,IDA OU MOUMEN
Souss-Massa,TAROUDANNT,IDA OU GAILAL
Souss-Massa,TAROUDANNT,FREIJA
Souss-Massa,TAROUDANNT,EL KOUDIA EL BEIDA
Souss-Massa,TAROUDANNT,EL GUERDANE
Souss-Massa,TAROUDANNT,EL FAID
Souss-Massa,TAROUDANNT,EDDIR
Souss-Massa,TAROUDANNT,BOUNRAR
Souss-Massa,TAROUDANNT,BIGOUDINE
Souss-Massa,TAROUDANNT,AZRAR
Souss-Massa,TAROUDANNT,AZAGHAR N'IRS
Souss-Massa,TAROUDANNT,ASSAKI
Souss-Massa,TAROUDANNT,ASSAISSE
Souss-Massa,TAROUDANNT,ASSADS
Souss-Massa,TAROUDANNT,ASKAOUEN
Souss-Massa,TAROUDANNT,ARGANA
Souss-Massa,TAROUDANNT,ARAZANE
Souss-Massa,TAROUDANNT,AOULOUZ
Souss-Massa,TAROUDANNT,AMALOU
Souss-Massa,TAROUDANNT,AIT MAKHLOUF
Souss-Massa,TAROUDANNT,AIT IGAS
Souss-Massa,TAROUDANNT,AIT IAAZA
Souss-Massa,TAROUDANNT,AIT ABDALLAH
Souss-Massa,TAROUDANNT,AHMAR LAGLALCHA
Souss-Massa,TAROUDANNT,AHL TIFNOUTE
Souss-Massa,TAROUDANNT,AHL RAMEL
Souss-Massa,TAROUDANNT,AGADIR MELLOUL
Souss-Massa,TAROUDANNT,ADAR
Souss-Massa,TAROUDANNT,ZAOUIA SIDI TAHAR
Souss-Massa,TAROUDANNT,ZAGMOUZEN
Souss-Massa,TAROUDANNT,TOUBKAL
Souss-Massa,TAROUDANNT,TAZEMMOURT
Souss-Massa,TAROUDANNT,TAFRAOUTEN
Souss-Massa,TAROUDANNT,TAFINGOULT
Souss-Massa,TAROUDANNT,TOUFELAAZT
Souss-Massa,TAROUDANNT,TAOUYALTE
Souss-Massa,TAROUDANNT,TAMALOUKTE
Souss-Massa,TAROUDANNT,TALMAKANTE
Souss-Massa,TAROUDANNT,TALIOUINE
Souss-Massa,TAROUDANNT,TALGJOUNT
Souss-Massa,TAROUDANNT,OUALQADI
Souss-Massa,TAROUDANNT,NIHIT
Souss-Massa,TAROUDANNT,OULAD AISSA
Souss-Massa,TAROUDANNT,TIZI N'TEST
Souss-Massa,TAROUDANNT,TIZGZAOUINE
Souss-Massa,TAROUDANNT,TISRASSE
Souss-Massa,TAROUDANNT,TISFANE
Souss-Massa,TAROUDANNT,TIOUT
Souss-Massa,TAROUDANNT,TINZART
Souss-Massa,TAROUDANNT,TINDINE
Souss-Massa,TAROUDANNT,TIGOUGA
Souss-Massa,TAROUDANNT,TIDSI NISSENDALENE
Souss-Massa,TAROUDANNT,TATAOUTE
Souss-Massa,TAROUDANNT,TASSOUSFI
Souss-Massa,TAROUDANNT,TAROUDANNT
Souss-Massa,TIZNIT,IRIGH N'TAHALA
Souss-Massa,TIZNIT,EL MAADER EL KABIR
Souss-Massa,TIZNIT,BOUNAAMANE
Souss-Massa,TIZNIT,ARBAA SAHEL
Souss-Massa,TIZNIT,ARBAA RASMOUKA
Souss-Massa,TIZNIT,ARBAA AIT AHMED
Souss-Massa,TIZNIT,ANZI
Souss-Massa,TIZNIT,AMMELNE
Souss-Massa,TIZNIT,AFELLA IGHIR
Souss-Massa,TIZNIT,IDA OU GOUGMAR
Souss-Massa,TIZNIT,SIDI BOUABDELLI
Souss-Massa,TIZNIT,SIDI AHMED OU MOUSSA
Souss-Massa,TIZNIT,REGGADA
Souss-Massa,TIZNIT,OUIJJANE
Souss-Massa,TIZNIT,TNINE AGLOU
Souss-Massa,TIZNIT,TNINE ADAY
Souss-Massa,TIZNIT,TIZOUGHRANE
Souss-Massa,TIZNIT,TAFRAOUT EL MOULOUD
Souss-Massa,TIZNIT,TAFRAOUT
Souss-Massa,TIZNIT,AIT OUAFQA
Souss-Massa,TIZNIT,AIT ISSAFEN
Souss-Massa,TIZNIT,TIZNIT
Souss-Massa,TIZNIT,TIGHMI
Souss-Massa,TIZNIT,TASSRIRT
Souss-Massa,TIZNIT,TARSOUAT
Souss-Massa,TATA,FOUM-ZGUID
Souss-Massa,TATA,IBN YACOUB
Souss-Massa,TATA,OUM EL GUERDANE
Souss-Massa,TATA,KASBAT SIDI ABDELLAH BEN M'BAREK
Souss-Massa,TATA,ISSAFEN
Souss-Massa,TATA,FAM EL HISN
Souss-Massa,TATA,ALLOUGOUM
Souss-Massa,TATA,AKKA IGHANE
Souss-Massa,TATA,AKKA
Souss-Massa,TATA,AIT OUABELLI
Souss-Massa,TATA,AGUINANE
Souss-Massa,TATA,ADIS
Souss-Massa,TATA,TLITE
Souss-Massa,TATA,TIZOUNINE
Souss-Massa,TATA,TAGMOUT
Souss-Massa,TATA,TAMANARTE
Souss-Massa,TATA,TIZAGHTE
Souss-Massa,TATA,TISSINT
Souss-Massa,TATA,TIGZMERTE
Souss-Massa,TATA,TATA
Guelmim-Oued Noun,GUELMIM,IFRANE ATLAS SAGHIR
Guelmim-Oued Noun,GUELMIM,TAGHJIJT
Guelmim-Oued Noun,GUELMIM,RASS OUMLIL
Guelmim-Oued Noun,GUELMIM,LAQSABI TAGOUST
Guelmim-Oued Noun,GUELMIM,LABYAR
Guelmim-Oued Noun,GUELMIM,FASK
Guelmim-Oued Noun,GUELMIM,ECHATEA EL ABIED
Guelmim-Oued Noun,GUELMIM,BOUIZAKARNE
Guelmim-Oued Noun,GUELMIM,ASRIR
Guelmim-Oued Noun,GUELMIM,AMTDI
Guelmim-Oued Noun,GUELMIM,AFERKAT
Guelmim-Oued Noun,GUELMIM,ADAY
Guelmim-Oued Noun,GUELMIM,ABAYNOU
Guelmim-Oued Noun,GUELMIM,TAGANTE
Guelmim-Oued Noun,GUELMIM,TARGA WASSAY
Guelmim-Oued Noun,GUELMIM,TALIOUINE ASSAKA
Guelmim-Oued Noun,GUELMIM,AIT BOUFOULEN
Guelmim-Oued Noun,GUELMIM,TIMOULAY
Guelmim-Oued Noun,GUELMIM,TIGLIT
Guelmim-Oued Noun,GUELMIM,GUELMIM
Guelmim-Oued Noun,ASSA-ZAG,ZAG
Guelmim-Oued Noun,ASSA-ZAG,LABOUIRAT
Guelmim-Oued Noun,ASSA-ZAG,ASSA
Guelmim-Oued Noun,ASSA-ZAG,AOUINT YGHOMANE
Guelmim-Oued Noun,ASSA-ZAG,AOUINT LAHNA
Guelmim-Oued Noun,ASSA-ZAG,AL MAHBASS
Guelmim-Oued Noun,ASSA-ZAG,TOUIZGUI
Guelmim-Oued Noun,TAN-TA,MSIED
Guelmim-Oued Noun,TAN-TA,EL OUATIA
Guelmim-Oued Noun,TAN-TA,CHBIKA
Guelmim-Oued Noun,TAN-TA,BEN KHLIL
Guelmim-Oued Noun,TAN-TA,ABTEH
Guelmim-Oued Noun,TAN-TA,TAN TAN
Guelmim-Oued Noun,TAN-TA,TILEMZOUN
Guelmim-Oued Noun,SIDI IFNI,SIDI IFNI
Guelmim-Oued Noun,SIDI IFNI,SIDI ABDELLAH OU BELAID
Guelmim-Oued Noun,SIDI IFNI,IMI-N'FAST
Guelmim-Oued Noun,SIDI IFNI,MIRLEFT
Guelmim-Oued Noun,SIDI IFNI,SIDI M'BARK
Guelmim-Oued Noun,SIDI IFNI,SIDI H'SAINE OU ALI
Guelmim-Oued Noun,SIDI IFNI,SEBT ENNABOUR
Guelmim-Oued Noun,SIDI IFNI,SBOUYA
Guelmim-Oued Noun,SIDI IFNI,MESTI
Guelmim-Oued Noun,SIDI IFNI,LAKHSAS
Guelmim-Oued Noun,SIDI IFNI,IBDAR
Guelmim-Oued Noun,SIDI IFNI,BOUTROUCH
Guelmim-Oued Noun,SIDI IFNI,ARBAA AIT ABDELLAH
Guelmim-Oued Noun,SIDI IFNI,ANFEG
Guelmim-Oued Noun,SIDI IFNI,TNINE AMELLOU
Guelmim-Oued Noun,SIDI IFNI,TANGARFA
Guelmim-Oued Noun,SIDI IFNI,AIT ERKHA
Guelmim-Oued Noun,SIDI IFNI,TIOUGHZA
Guelmim-Oued Noun,SIDI IFNI,TIGHIRT
Laâyoune-Sakia El Hamra,ES-SEMARA,ES SMARA
Laâyoune-Sakia El Hamra,ES-SEMARA,SIDI AHMED LAAROUSSI
Laâyoune-Sakia El Hamra,ES-SEMARA,JDIRIYA
Laâyoune-Sakia El Hamra,ES-SEMARA,HAOUZA
Laâyoune-Sakia El Hamra,ES-SEMARA,AMGALA
Laâyoune-Sakia El Hamra,ES-SEMARA,TIFARITI
Laâyoune-Sakia El Hamra,LAAYOUNE,FOUM EL OUED
Laâyoune-Sakia El Hamra,LAAYOUNE,EL MARSA
Laâyoune-Sakia El Hamra,LAAYOUNE,DCHEIRA
Laâyoune-Sakia El Hamra,LAAYOUNE,BOUKRAA
Laâyoune-Sakia El Hamra,LAAYOUNE,LAAYOUNE
Laâyoune-Sakia El Hamra,BOUJDOUR,LAMSSID
Laâyoune-Sakia El Hamra,BOUJDOUR,JRAIFIA
Laâyoune-Sakia El Hamra,BOUJDOUR,GUELTAT ZEMMOUR
Laâyoune-Sakia El Hamra,BOUJDOUR,BOUJDOUR
Laâyoune-Sakia El Hamra,TARFAYA,EL HAGOUNIA
Laâyoune-Sakia El Hamra,TARFAYA,AKHFENNIR
Laâyoune-Sakia El Hamra,TARFAYA,TARFAYA
Laâyoune-Sakia El Hamra,TARFAYA,TAH
Laâyoune-Sakia El Hamra,TARFAYA,DAOURA
Dakhla-Oued Ed-Dahab,OUED ED DAHAB,MIJIK
Dakhla-Oued Ed-Dahab,OUED ED DAHAB,GLEIBAT EL FOULA
Dakhla-Oued Ed-Dahab,OUED ED DAHAB,EL ARGOUB
Dakhla-Oued Ed-Dahab,OUED ED DAHAB,DAKHLA
Dakhla-Oued Ed-Dahab,OUED ED DAHAB,BIR ANZARANE
Dakhla-Oued Ed-Dahab,OUED ED DAHAB,OUM DREYGA
Dakhla-Oued Ed-Dahab,OUED ED DAHAB,IMLILI
Dakhla-Oued Ed-Dahab,AOUSSERD,LAGOUIRA
Dakhla-Oued Ed-Dahab,AOUSSERD,BIR GANDOUZ
Dakhla-Oued Ed-Dahab,AOUSSERD,AGHOUINITE
Dakhla-Oued Ed-Dahab,AOUSSERD,ZOUG
Dakhla-Oued Ed-Dahab,AOUSSERD,TICHLA
Dakhla-Oued Ed-Dahab,AOUSSERD,AOUSSERD
